,url,repository_url,labels_url,comments_url,events_url,html_url,id,node_id,number,title,user,labels,state,locked,assignee,assignees,milestone,comments,created_at,updated_at,closed_at,author_association,active_lock_reason,draft,pull_request,body,reactions,timeline_url,performed_via_github_app,state_reason
0,https://api.github.com/repos/vism2889/ECE_1140_TRAINS/issues/193,https://api.github.com/repos/vism2889/ECE_1140_TRAINS,https://api.github.com/repos/vism2889/ECE_1140_TRAINS/issues/193/labels{/name},https://api.github.com/repos/vism2889/ECE_1140_TRAINS/issues/193/comments,https://api.github.com/repos/vism2889/ECE_1140_TRAINS/issues/193/events,https://github.com/vism2889/ECE_1140_TRAINS/pull/193,1498147764,PR_kwDOH7FgmM5Fh-BT,193,"Gwens new branch - fixed driver braking/commanded speed issues, style sheet additions, kp and ki engineer mode added","{'login': 'gwenel55', 'id': 97482533, 'node_id': 'U_kgDOBc93JQ', 'avatar_url': 'https://avatars.githubusercontent.com/u/97482533?v=4', 'gravatar_id': '', 'url': 'https://api.github.com/users/gwenel55', 'html_url': 'https://github.com/gwenel55', 'followers_url': 'https://api.github.com/users/gwenel55/followers', 'following_url': 'https://api.github.com/users/gwenel55/following{/other_user}', 'gists_url': 'https://api.github.com/users/gwenel55/gists{/gist_id}', 'starred_url': 'https://api.github.com/users/gwenel55/starred{/owner}{/repo}', 'subscriptions_url': 'https://api.github.com/users/gwenel55/subscriptions', 'organizations_url': 'https://api.github.com/users/gwenel55/orgs', 'repos_url': 'https://api.github.com/users/gwenel55/repos', 'events_url': 'https://api.github.com/users/gwenel55/events{/privacy}', 'received_events_url': 'https://api.github.com/users/gwenel55/received_events', 'type': 'User', 'site_admin': False}",[],open,False,,[],,1,2022-12-15T10:08:08Z,2022-12-15T10:09:18Z,,COLLABORATOR,,False,"{'url': 'https://api.github.com/repos/vism2889/ECE_1140_TRAINS/pulls/193', 'html_url': 'https://github.com/vism2889/ECE_1140_TRAINS/pull/193', 'diff_url': 'https://github.com/vism2889/ECE_1140_TRAINS/pull/193.diff', 'patch_url': 'https://github.com/vism2889/ECE_1140_TRAINS/pull/193.patch', 'merged_at': None}",,"{'url': 'https://api.github.com/repos/vism2889/ECE_1140_TRAINS/issues/193/reactions', 'total_count': 0, '+1': 0, '-1': 0, 'laugh': 0, 'hooray': 0, 'confused': 0, 'heart': 0, 'rocket': 0, 'eyes': 0}",https://api.github.com/repos/vism2889/ECE_1140_TRAINS/issues/193/timeline,,
1,https://api.github.com/repos/vism2889/ECE_1140_TRAINS/issues/192,https://api.github.com/repos/vism2889/ECE_1140_TRAINS,https://api.github.com/repos/vism2889/ECE_1140_TRAINS/issues/192/labels{/name},https://api.github.com/repos/vism2889/ECE_1140_TRAINS/issues/192/comments,https://api.github.com/repos/vism2889/ECE_1140_TRAINS/issues/192/events,https://github.com/vism2889/ECE_1140_TRAINS/issues/192,1498090794,I_kwDOH7FgmM5ZSw0q,192,"Train Controller SW: Not Getting Advertisement signal properly, always getting False","{'login': 'sush2023', 'id': 69727934, 'node_id': 'MDQ6VXNlcjY5NzI3OTM0', 'avatar_url': 'https://avatars.githubusercontent.com/u/69727934?v=4', 'gravatar_id': '', 'url': 'https://api.github.com/users/sush2023', 'html_url': 'https://github.com/sush2023', 'followers_url': 'https://api.github.com/users/sush2023/followers', 'following_url': 'https://api.github.com/users/sush2023/following{/other_user}', 'gists_url': 'https://api.github.com/users/sush2023/gists{/gist_id}', 'starred_url': 'https://api.github.com/users/sush2023/starred{/owner}{/repo}', 'subscriptions_url': 'https://api.github.com/users/sush2023/subscriptions', 'organizations_url': 'https://api.github.com/users/sush2023/orgs', 'repos_url': 'https://api.github.com/users/sush2023/repos', 'events_url': 'https://api.github.com/users/sush2023/events{/privacy}', 'received_events_url': 'https://api.github.com/users/sush2023/received_events', 'type': 'User', 'site_admin': False}",[],open,False,"{'login': 'gwenel55', 'id': 97482533, 'node_id': 'U_kgDOBc93JQ', 'avatar_url': 'https://avatars.githubusercontent.com/u/97482533?v=4', 'gravatar_id': '', 'url': 'https://api.github.com/users/gwenel55', 'html_url': 'https://github.com/gwenel55', 'followers_url': 'https://api.github.com/users/gwenel55/followers', 'following_url': 'https://api.github.com/users/gwenel55/following{/other_user}', 'gists_url': 'https://api.github.com/users/gwenel55/gists{/gist_id}', 'starred_url': 'https://api.github.com/users/gwenel55/starred{/owner}{/repo}', 'subscriptions_url': 'https://api.github.com/users/gwenel55/subscriptions', 'organizations_url': 'https://api.github.com/users/gwenel55/orgs', 'repos_url': 'https://api.github.com/users/gwenel55/repos', 'events_url': 'https://api.github.com/users/gwenel55/events{/privacy}', 'received_events_url': 'https://api.github.com/users/gwenel55/received_events', 'type': 'User', 'site_admin': False}","[{'login': 'gwenel55', 'id': 97482533, 'node_id': 'U_kgDOBc93JQ', 'avatar_url': 'https://avatars.githubusercontent.com/u/97482533?v=4', 'gravatar_id': '', 'url': 'https://api.github.com/users/gwenel55', 'html_url': 'https://github.com/gwenel55', 'followers_url': 'https://api.github.com/users/gwenel55/followers', 'following_url': 'https://api.github.com/users/gwenel55/following{/other_user}', 'gists_url': 'https://api.github.com/users/gwenel55/gists{/gist_id}', 'starred_url': 'https://api.github.com/users/gwenel55/starred{/owner}{/repo}', 'subscriptions_url': 'https://api.github.com/users/gwenel55/subscriptions', 'organizations_url': 'https://api.github.com/users/gwenel55/orgs', 'repos_url': 'https://api.github.com/users/gwenel55/repos', 'events_url': 'https://api.github.com/users/gwenel55/events{/privacy}', 'received_events_url': 'https://api.github.com/users/gwenel55/received_events', 'type': 'User', 'site_admin': False}]",,0,2022-12-15T09:28:16Z,2022-12-15T09:28:16Z,,COLLABORATOR,,,,,"{'url': 'https://api.github.com/repos/vism2889/ECE_1140_TRAINS/issues/192/reactions', 'total_count': 0, '+1': 0, '-1': 0, 'laugh': 0, 'hooray': 0, 'confused': 0, 'heart': 0, 'rocket': 0, 'eyes': 0}",https://api.github.com/repos/vism2889/ECE_1140_TRAINS/issues/192/timeline,,
2,https://api.github.com/repos/vism2889/ECE_1140_TRAINS/issues/191,https://api.github.com/repos/vism2889/ECE_1140_TRAINS,https://api.github.com/repos/vism2889/ECE_1140_TRAINS/issues/191/labels{/name},https://api.github.com/repos/vism2889/ECE_1140_TRAINS/issues/191/comments,https://api.github.com/repos/vism2889/ECE_1140_TRAINS/issues/191/events,https://github.com/vism2889/ECE_1140_TRAINS/issues/191,1498048875,I_kwDOH7FgmM5ZSmlr,191,EVERYONE: update window title bars for all modules,"{'login': 'vism2889', 'id': 25832043, 'node_id': 'MDQ6VXNlcjI1ODMyMDQz', 'avatar_url': 'https://avatars.githubusercontent.com/u/25832043?v=4', 'gravatar_id': '', 'url': 'https://api.github.com/users/vism2889', 'html_url': 'https://github.com/vism2889', 'followers_url': 'https://api.github.com/users/vism2889/followers', 'following_url': 'https://api.github.com/users/vism2889/following{/other_user}', 'gists_url': 'https://api.github.com/users/vism2889/gists{/gist_id}', 'starred_url': 'https://api.github.com/users/vism2889/starred{/owner}{/repo}', 'subscriptions_url': 'https://api.github.com/users/vism2889/subscriptions', 'organizations_url': 'https://api.github.com/users/vism2889/orgs', 'repos_url': 'https://api.github.com/users/vism2889/repos', 'events_url': 'https://api.github.com/users/vism2889/events{/privacy}', 'received_events_url': 'https://api.github.com/users/vism2889/received_events', 'type': 'User', 'site_admin': False}","[{'id': 4488907105, 'node_id': 'LA_kwDOH7FgmM8AAAABC49JYQ', 'url': 'https://api.github.com/repos/vism2889/ECE_1140_TRAINS/labels/bug', 'name': 'bug', 'color': 'd73a4a', 'default': True, 'description': ""Something isn't working""}]",open,False,"{'login': 'vism2889', 'id': 25832043, 'node_id': 'MDQ6VXNlcjI1ODMyMDQz', 'avatar_url': 'https://avatars.githubusercontent.com/u/25832043?v=4', 'gravatar_id': '', 'url': 'https://api.github.com/users/vism2889', 'html_url': 'https://github.com/vism2889', 'followers_url': 'https://api.github.com/users/vism2889/followers', 'following_url': 'https://api.github.com/users/vism2889/following{/other_user}', 'gists_url': 'https://api.github.com/users/vism2889/gists{/gist_id}', 'starred_url': 'https://api.github.com/users/vism2889/starred{/owner}{/repo}', 'subscriptions_url': 'https://api.github.com/users/vism2889/subscriptions', 'organizations_url': 'https://api.github.com/users/vism2889/orgs', 'repos_url': 'https://api.github.com/users/vism2889/repos', 'events_url': 'https://api.github.com/users/vism2889/events{/privacy}', 'received_events_url': 'https://api.github.com/users/vism2889/received_events', 'type': 'User', 'site_admin': False}","[{'login': 'vism2889', 'id': 25832043, 'node_id': 'MDQ6VXNlcjI1ODMyMDQz', 'avatar_url': 'https://avatars.githubusercontent.com/u/25832043?v=4', 'gravatar_id': '', 'url': 'https://api.github.com/users/vism2889', 'html_url': 'https://github.com/vism2889', 'followers_url': 'https://api.github.com/users/vism2889/followers', 'following_url': 'https://api.github.com/users/vism2889/following{/other_user}', 'gists_url': 'https://api.github.com/users/vism2889/gists{/gist_id}', 'starred_url': 'https://api.github.com/users/vism2889/starred{/owner}{/repo}', 'subscriptions_url': 'https://api.github.com/users/vism2889/subscriptions', 'organizations_url': 'https://api.github.com/users/vism2889/orgs', 'repos_url': 'https://api.github.com/users/vism2889/repos', 'events_url': 'https://api.github.com/users/vism2889/events{/privacy}', 'received_events_url': 'https://api.github.com/users/vism2889/received_events', 'type': 'User', 'site_admin': False}, {'login': 'sush2023', 'id': 69727934, 'node_id': 'MDQ6VXNlcjY5NzI3OTM0', 'avatar_url': 'https://avatars.githubusercontent.com/u/69727934?v=4', 'gravatar_id': '', 'url': 'https://api.github.com/users/sush2023', 'html_url': 'https://github.com/sush2023', 'followers_url': 'https://api.github.com/users/sush2023/followers', 'following_url': 'https://api.github.com/users/sush2023/following{/other_user}', 'gists_url': 'https://api.github.com/users/sush2023/gists{/gist_id}', 'starred_url': 'https://api.github.com/users/sush2023/starred{/owner}{/repo}', 'subscriptions_url': 'https://api.github.com/users/sush2023/subscriptions', 'organizations_url': 'https://api.github.com/users/sush2023/orgs', 'repos_url': 'https://api.github.com/users/sush2023/repos', 'events_url': 'https://api.github.com/users/sush2023/events{/privacy}', 'received_events_url': 'https://api.github.com/users/sush2023/received_events', 'type': 'User', 'site_admin': False}, {'login': 'juinsommer', 'id': 76053827, 'node_id': 'MDQ6VXNlcjc2MDUzODI3', 'avatar_url': 'https://avatars.githubusercontent.com/u/76053827?v=4', 'gravatar_id': '', 'url': 'https://api.github.com/users/juinsommer', 'html_url': 'https://github.com/juinsommer', 'followers_url': 'https://api.github.com/users/juinsommer/followers', 'following_url': 'https://api.github.com/users/juinsommer/following{/other_user}', 'gists_url': 'https://api.github.com/users/juinsommer/gists{/gist_id}', 'starred_url': 'https://api.github.com/users/juinsommer/starred{/owner}{/repo}', 'subscriptions_url': 'https://api.github.com/users/juinsommer/subscriptions', 'organizations_url': 'https://api.github.com/users/juinsommer/orgs', 'repos_url': 'https://api.github.com/users/juinsommer/repos', 'events_url': 'https://api.github.com/users/juinsommer/events{/privacy}', 'received_events_url': 'https://api.github.com/users/juinsommer/received_events', 'type': 'User', 'site_admin': False}, {'login': 'beyonson', 'id': 77867663, 'node_id': 'MDQ6VXNlcjc3ODY3NjYz', 'avatar_url': 'https://avatars.githubusercontent.com/u/77867663?v=4', 'gravatar_id': '', 'url': 'https://api.github.com/users/beyonson', 'html_url': 'https://github.com/beyonson', 'followers_url': 'https://api.github.com/users/beyonson/followers', 'following_url': 'https://api.github.com/users/beyonson/following{/other_user}', 'gists_url': 'https://api.github.com/users/beyonson/gists{/gist_id}', 'starred_url': 'https://api.github.com/users/beyonson/starred{/owner}{/repo}', 'subscriptions_url': 'https://api.github.com/users/beyonson/subscriptions', 'organizations_url': 'https://api.github.com/users/beyonson/orgs', 'repos_url': 'https://api.github.com/users/beyonson/repos', 'events_url': 'https://api.github.com/users/beyonson/events{/privacy}', 'received_events_url': 'https://api.github.com/users/beyonson/received_events', 'type': 'User', 'site_admin': False}, {'login': 'NMMallick', 'id': 79054723, 'node_id': 'MDQ6VXNlcjc5MDU0NzIz', 'avatar_url': 'https://avatars.githubusercontent.com/u/79054723?v=4', 'gravatar_id': '', 'url': 'https://api.github.com/users/NMMallick', 'html_url': 'https://github.com/NMMallick', 'followers_url': 'https://api.github.com/users/NMMallick/followers', 'following_url': 'https://api.github.com/users/NMMallick/following{/other_user}', 'gists_url': 'https://api.github.com/users/NMMallick/gists{/gist_id}', 'starred_url': 'https://api.github.com/users/NMMallick/starred{/owner}{/repo}', 'subscriptions_url': 'https://api.github.com/users/NMMallick/subscriptions', 'organizations_url': 'https://api.github.com/users/NMMallick/orgs', 'repos_url': 'https://api.github.com/users/NMMallick/repos', 'events_url': 'https://api.github.com/users/NMMallick/events{/privacy}', 'received_events_url': 'https://api.github.com/users/NMMallick/received_events', 'type': 'User', 'site_admin': False}, {'login': 'gwenel55', 'id': 97482533, 'node_id': 'U_kgDOBc93JQ', 'avatar_url': 'https://avatars.githubusercontent.com/u/97482533?v=4', 'gravatar_id': '', 'url': 'https://api.github.com/users/gwenel55', 'html_url': 'https://github.com/gwenel55', 'followers_url': 'https://api.github.com/users/gwenel55/followers', 'following_url': 'https://api.github.com/users/gwenel55/following{/other_user}', 'gists_url': 'https://api.github.com/users/gwenel55/gists{/gist_id}', 'starred_url': 'https://api.github.com/users/gwenel55/starred{/owner}{/repo}', 'subscriptions_url': 'https://api.github.com/users/gwenel55/subscriptions', 'organizations_url': 'https://api.github.com/users/gwenel55/orgs', 'repos_url': 'https://api.github.com/users/gwenel55/repos', 'events_url': 'https://api.github.com/users/gwenel55/events{/privacy}', 'received_events_url': 'https://api.github.com/users/gwenel55/received_events', 'type': 'User', 'site_admin': False}]",,0,2022-12-15T09:02:08Z,2022-12-15T09:02:09Z,,OWNER,,,,update window title bars for all modules to the name of the module,"{'url': 'https://api.github.com/repos/vism2889/ECE_1140_TRAINS/issues/191/reactions', 'total_count': 0, '+1': 0, '-1': 0, 'laugh': 0, 'hooray': 0, 'confused': 0, 'heart': 0, 'rocket': 0, 'eyes': 0}",https://api.github.com/repos/vism2889/ECE_1140_TRAINS/issues/191/timeline,,
3,https://api.github.com/repos/vism2889/ECE_1140_TRAINS/issues/189,https://api.github.com/repos/vism2889/ECE_1140_TRAINS,https://api.github.com/repos/vism2889/ECE_1140_TRAINS/issues/189/labels{/name},https://api.github.com/repos/vism2889/ECE_1140_TRAINS/issues/189/comments,https://api.github.com/repos/vism2889/ECE_1140_TRAINS/issues/189/events,https://github.com/vism2889/ECE_1140_TRAINS/issues/189,1498026065,I_kwDOH7FgmM5ZShBR,189,Train Controller - Issue listening to train model failures,"{'login': 'gwenel55', 'id': 97482533, 'node_id': 'U_kgDOBc93JQ', 'avatar_url': 'https://avatars.githubusercontent.com/u/97482533?v=4', 'gravatar_id': '', 'url': 'https://api.github.com/users/gwenel55', 'html_url': 'https://github.com/gwenel55', 'followers_url': 'https://api.github.com/users/gwenel55/followers', 'following_url': 'https://api.github.com/users/gwenel55/following{/other_user}', 'gists_url': 'https://api.github.com/users/gwenel55/gists{/gist_id}', 'starred_url': 'https://api.github.com/users/gwenel55/starred{/owner}{/repo}', 'subscriptions_url': 'https://api.github.com/users/gwenel55/subscriptions', 'organizations_url': 'https://api.github.com/users/gwenel55/orgs', 'repos_url': 'https://api.github.com/users/gwenel55/repos', 'events_url': 'https://api.github.com/users/gwenel55/events{/privacy}', 'received_events_url': 'https://api.github.com/users/gwenel55/received_events', 'type': 'User', 'site_admin': False}","[{'id': 4488907105, 'node_id': 'LA_kwDOH7FgmM8AAAABC49JYQ', 'url': 'https://api.github.com/repos/vism2889/ECE_1140_TRAINS/labels/bug', 'name': 'bug', 'color': 'd73a4a', 'default': True, 'description': ""Something isn't working""}]",open,False,"{'login': 'gwenel55', 'id': 97482533, 'node_id': 'U_kgDOBc93JQ', 'avatar_url': 'https://avatars.githubusercontent.com/u/97482533?v=4', 'gravatar_id': '', 'url': 'https://api.github.com/users/gwenel55', 'html_url': 'https://github.com/gwenel55', 'followers_url': 'https://api.github.com/users/gwenel55/followers', 'following_url': 'https://api.github.com/users/gwenel55/following{/other_user}', 'gists_url': 'https://api.github.com/users/gwenel55/gists{/gist_id}', 'starred_url': 'https://api.github.com/users/gwenel55/starred{/owner}{/repo}', 'subscriptions_url': 'https://api.github.com/users/gwenel55/subscriptions', 'organizations_url': 'https://api.github.com/users/gwenel55/orgs', 'repos_url': 'https://api.github.com/users/gwenel55/repos', 'events_url': 'https://api.github.com/users/gwenel55/events{/privacy}', 'received_events_url': 'https://api.github.com/users/gwenel55/received_events', 'type': 'User', 'site_admin': False}","[{'login': 'gwenel55', 'id': 97482533, 'node_id': 'U_kgDOBc93JQ', 'avatar_url': 'https://avatars.githubusercontent.com/u/97482533?v=4', 'gravatar_id': '', 'url': 'https://api.github.com/users/gwenel55', 'html_url': 'https://github.com/gwenel55', 'followers_url': 'https://api.github.com/users/gwenel55/followers', 'following_url': 'https://api.github.com/users/gwenel55/following{/other_user}', 'gists_url': 'https://api.github.com/users/gwenel55/gists{/gist_id}', 'starred_url': 'https://api.github.com/users/gwenel55/starred{/owner}{/repo}', 'subscriptions_url': 'https://api.github.com/users/gwenel55/subscriptions', 'organizations_url': 'https://api.github.com/users/gwenel55/orgs', 'repos_url': 'https://api.github.com/users/gwenel55/repos', 'events_url': 'https://api.github.com/users/gwenel55/events{/privacy}', 'received_events_url': 'https://api.github.com/users/gwenel55/received_events', 'type': 'User', 'site_admin': False}]",,0,2022-12-15T08:44:01Z,2022-12-15T08:44:01Z,,COLLABORATOR,,,,,"{'url': 'https://api.github.com/repos/vism2889/ECE_1140_TRAINS/issues/189/reactions', 'total_count': 0, '+1': 0, '-1': 0, 'laugh': 0, 'hooray': 0, 'confused': 0, 'heart': 0, 'rocket': 0, 'eyes': 0}",https://api.github.com/repos/vism2889/ECE_1140_TRAINS/issues/189/timeline,,
4,https://api.github.com/repos/vism2889/ECE_1140_TRAINS/issues/166,https://api.github.com/repos/vism2889/ECE_1140_TRAINS,https://api.github.com/repos/vism2889/ECE_1140_TRAINS/issues/166/labels{/name},https://api.github.com/repos/vism2889/ECE_1140_TRAINS/issues/166/comments,https://api.github.com/repos/vism2889/ECE_1140_TRAINS/issues/166/events,https://github.com/vism2889/ECE_1140_TRAINS/issues/166,1496014204,I_kwDOH7FgmM5ZK118,166,Track Model: Beacon needs updated,"{'login': 'vism2889', 'id': 25832043, 'node_id': 'MDQ6VXNlcjI1ODMyMDQz', 'avatar_url': 'https://avatars.githubusercontent.com/u/25832043?v=4', 'gravatar_id': '', 'url': 'https://api.github.com/users/vism2889', 'html_url': 'https://github.com/vism2889', 'followers_url': 'https://api.github.com/users/vism2889/followers', 'following_url': 'https://api.github.com/users/vism2889/following{/other_user}', 'gists_url': 'https://api.github.com/users/vism2889/gists{/gist_id}', 'starred_url': 'https://api.github.com/users/vism2889/starred{/owner}{/repo}', 'subscriptions_url': 'https://api.github.com/users/vism2889/subscriptions', 'organizations_url': 'https://api.github.com/users/vism2889/orgs', 'repos_url': 'https://api.github.com/users/vism2889/repos', 'events_url': 'https://api.github.com/users/vism2889/events{/privacy}', 'received_events_url': 'https://api.github.com/users/vism2889/received_events', 'type': 'User', 'site_admin': False}","[{'id': 4488907105, 'node_id': 'LA_kwDOH7FgmM8AAAABC49JYQ', 'url': 'https://api.github.com/repos/vism2889/ECE_1140_TRAINS/labels/bug', 'name': 'bug', 'color': 'd73a4a', 'default': True, 'description': ""Something isn't working""}]",open,False,"{'login': 'vism2889', 'id': 25832043, 'node_id': 'MDQ6VXNlcjI1ODMyMDQz', 'avatar_url': 'https://avatars.githubusercontent.com/u/25832043?v=4', 'gravatar_id': '', 'url': 'https://api.github.com/users/vism2889', 'html_url': 'https://github.com/vism2889', 'followers_url': 'https://api.github.com/users/vism2889/followers', 'following_url': 'https://api.github.com/users/vism2889/following{/other_user}', 'gists_url': 'https://api.github.com/users/vism2889/gists{/gist_id}', 'starred_url': 'https://api.github.com/users/vism2889/starred{/owner}{/repo}', 'subscriptions_url': 'https://api.github.com/users/vism2889/subscriptions', 'organizations_url': 'https://api.github.com/users/vism2889/orgs', 'repos_url': 'https://api.github.com/users/vism2889/repos', 'events_url': 'https://api.github.com/users/vism2889/events{/privacy}', 'received_events_url': 'https://api.github.com/users/vism2889/received_events', 'type': 'User', 'site_admin': False}","[{'login': 'vism2889', 'id': 25832043, 'node_id': 'MDQ6VXNlcjI1ODMyMDQz', 'avatar_url': 'https://avatars.githubusercontent.com/u/25832043?v=4', 'gravatar_id': '', 'url': 'https://api.github.com/users/vism2889', 'html_url': 'https://github.com/vism2889', 'followers_url': 'https://api.github.com/users/vism2889/followers', 'following_url': 'https://api.github.com/users/vism2889/following{/other_user}', 'gists_url': 'https://api.github.com/users/vism2889/gists{/gist_id}', 'starred_url': 'https://api.github.com/users/vism2889/starred{/owner}{/repo}', 'subscriptions_url': 'https://api.github.com/users/vism2889/subscriptions', 'organizations_url': 'https://api.github.com/users/vism2889/orgs', 'repos_url': 'https://api.github.com/users/vism2889/repos', 'events_url': 'https://api.github.com/users/vism2889/events{/privacy}', 'received_events_url': 'https://api.github.com/users/vism2889/received_events', 'type': 'User', 'site_admin': False}]",,0,2022-12-14T08:10:19Z,2022-12-14T08:10:20Z,,OWNER,,,,"The beacon still needs to be gone over to correctly show the correct next station for the block order the train will traverse the track in, not in consecutive order.","{'url': 'https://api.github.com/repos/vism2889/ECE_1140_TRAINS/issues/166/reactions', 'total_count': 0, '+1': 0, '-1': 0, 'laugh': 0, 'hooray': 0, 'confused': 0, 'heart': 0, 'rocket': 0, 'eyes': 0}",https://api.github.com/repos/vism2889/ECE_1140_TRAINS/issues/166/timeline,,
5,https://api.github.com/repos/vism2889/ECE_1140_TRAINS/issues/163,https://api.github.com/repos/vism2889/ECE_1140_TRAINS,https://api.github.com/repos/vism2889/ECE_1140_TRAINS/issues/163/labels{/name},https://api.github.com/repos/vism2889/ECE_1140_TRAINS/issues/163/comments,https://api.github.com/repos/vism2889/ECE_1140_TRAINS/issues/163/events,https://github.com/vism2889/ECE_1140_TRAINS/issues/163,1495992182,I_kwDOH7FgmM5ZKwd2,163,Track Model: convert to imperial units where needed,"{'login': 'vism2889', 'id': 25832043, 'node_id': 'MDQ6VXNlcjI1ODMyMDQz', 'avatar_url': 'https://avatars.githubusercontent.com/u/25832043?v=4', 'gravatar_id': '', 'url': 'https://api.github.com/users/vism2889', 'html_url': 'https://github.com/vism2889', 'followers_url': 'https://api.github.com/users/vism2889/followers', 'following_url': 'https://api.github.com/users/vism2889/following{/other_user}', 'gists_url': 'https://api.github.com/users/vism2889/gists{/gist_id}', 'starred_url': 'https://api.github.com/users/vism2889/starred{/owner}{/repo}', 'subscriptions_url': 'https://api.github.com/users/vism2889/subscriptions', 'organizations_url': 'https://api.github.com/users/vism2889/orgs', 'repos_url': 'https://api.github.com/users/vism2889/repos', 'events_url': 'https://api.github.com/users/vism2889/events{/privacy}', 'received_events_url': 'https://api.github.com/users/vism2889/received_events', 'type': 'User', 'site_admin': False}","[{'id': 4488907105, 'node_id': 'LA_kwDOH7FgmM8AAAABC49JYQ', 'url': 'https://api.github.com/repos/vism2889/ECE_1140_TRAINS/labels/bug', 'name': 'bug', 'color': 'd73a4a', 'default': True, 'description': ""Something isn't working""}]",open,False,"{'login': 'vism2889', 'id': 25832043, 'node_id': 'MDQ6VXNlcjI1ODMyMDQz', 'avatar_url': 'https://avatars.githubusercontent.com/u/25832043?v=4', 'gravatar_id': '', 'url': 'https://api.github.com/users/vism2889', 'html_url': 'https://github.com/vism2889', 'followers_url': 'https://api.github.com/users/vism2889/followers', 'following_url': 'https://api.github.com/users/vism2889/following{/other_user}', 'gists_url': 'https://api.github.com/users/vism2889/gists{/gist_id}', 'starred_url': 'https://api.github.com/users/vism2889/starred{/owner}{/repo}', 'subscriptions_url': 'https://api.github.com/users/vism2889/subscriptions', 'organizations_url': 'https://api.github.com/users/vism2889/orgs', 'repos_url': 'https://api.github.com/users/vism2889/repos', 'events_url': 'https://api.github.com/users/vism2889/events{/privacy}', 'received_events_url': 'https://api.github.com/users/vism2889/received_events', 'type': 'User', 'site_admin': False}","[{'login': 'vism2889', 'id': 25832043, 'node_id': 'MDQ6VXNlcjI1ODMyMDQz', 'avatar_url': 'https://avatars.githubusercontent.com/u/25832043?v=4', 'gravatar_id': '', 'url': 'https://api.github.com/users/vism2889', 'html_url': 'https://github.com/vism2889', 'followers_url': 'https://api.github.com/users/vism2889/followers', 'following_url': 'https://api.github.com/users/vism2889/following{/other_user}', 'gists_url': 'https://api.github.com/users/vism2889/gists{/gist_id}', 'starred_url': 'https://api.github.com/users/vism2889/starred{/owner}{/repo}', 'subscriptions_url': 'https://api.github.com/users/vism2889/subscriptions', 'organizations_url': 'https://api.github.com/users/vism2889/orgs', 'repos_url': 'https://api.github.com/users/vism2889/repos', 'events_url': 'https://api.github.com/users/vism2889/events{/privacy}', 'received_events_url': 'https://api.github.com/users/vism2889/received_events', 'type': 'User', 'site_admin': False}]",,0,2022-12-14T07:57:07Z,2022-12-14T07:57:08Z,,OWNER,,,,,"{'url': 'https://api.github.com/repos/vism2889/ECE_1140_TRAINS/issues/163/reactions', 'total_count': 0, '+1': 0, '-1': 0, 'laugh': 0, 'hooray': 0, 'confused': 0, 'heart': 0, 'rocket': 0, 'eyes': 0}",https://api.github.com/repos/vism2889/ECE_1140_TRAINS/issues/163/timeline,,
6,https://api.github.com/repos/vism2889/ECE_1140_TRAINS/issues/162,https://api.github.com/repos/vism2889/ECE_1140_TRAINS,https://api.github.com/repos/vism2889/ECE_1140_TRAINS/issues/162/labels{/name},https://api.github.com/repos/vism2889/ECE_1140_TRAINS/issues/162/comments,https://api.github.com/repos/vism2889/ECE_1140_TRAINS/issues/162/events,https://github.com/vism2889/ECE_1140_TRAINS/issues/162,1495990985,I_kwDOH7FgmM5ZKwLJ,162,Track Model: remove unneeded information from block information display,"{'login': 'vism2889', 'id': 25832043, 'node_id': 'MDQ6VXNlcjI1ODMyMDQz', 'avatar_url': 'https://avatars.githubusercontent.com/u/25832043?v=4', 'gravatar_id': '', 'url': 'https://api.github.com/users/vism2889', 'html_url': 'https://github.com/vism2889', 'followers_url': 'https://api.github.com/users/vism2889/followers', 'following_url': 'https://api.github.com/users/vism2889/following{/other_user}', 'gists_url': 'https://api.github.com/users/vism2889/gists{/gist_id}', 'starred_url': 'https://api.github.com/users/vism2889/starred{/owner}{/repo}', 'subscriptions_url': 'https://api.github.com/users/vism2889/subscriptions', 'organizations_url': 'https://api.github.com/users/vism2889/orgs', 'repos_url': 'https://api.github.com/users/vism2889/repos', 'events_url': 'https://api.github.com/users/vism2889/events{/privacy}', 'received_events_url': 'https://api.github.com/users/vism2889/received_events', 'type': 'User', 'site_admin': False}","[{'id': 4488907105, 'node_id': 'LA_kwDOH7FgmM8AAAABC49JYQ', 'url': 'https://api.github.com/repos/vism2889/ECE_1140_TRAINS/labels/bug', 'name': 'bug', 'color': 'd73a4a', 'default': True, 'description': ""Something isn't working""}]",open,False,"{'login': 'vism2889', 'id': 25832043, 'node_id': 'MDQ6VXNlcjI1ODMyMDQz', 'avatar_url': 'https://avatars.githubusercontent.com/u/25832043?v=4', 'gravatar_id': '', 'url': 'https://api.github.com/users/vism2889', 'html_url': 'https://github.com/vism2889', 'followers_url': 'https://api.github.com/users/vism2889/followers', 'following_url': 'https://api.github.com/users/vism2889/following{/other_user}', 'gists_url': 'https://api.github.com/users/vism2889/gists{/gist_id}', 'starred_url': 'https://api.github.com/users/vism2889/starred{/owner}{/repo}', 'subscriptions_url': 'https://api.github.com/users/vism2889/subscriptions', 'organizations_url': 'https://api.github.com/users/vism2889/orgs', 'repos_url': 'https://api.github.com/users/vism2889/repos', 'events_url': 'https://api.github.com/users/vism2889/events{/privacy}', 'received_events_url': 'https://api.github.com/users/vism2889/received_events', 'type': 'User', 'site_admin': False}","[{'login': 'vism2889', 'id': 25832043, 'node_id': 'MDQ6VXNlcjI1ODMyMDQz', 'avatar_url': 'https://avatars.githubusercontent.com/u/25832043?v=4', 'gravatar_id': '', 'url': 'https://api.github.com/users/vism2889', 'html_url': 'https://github.com/vism2889', 'followers_url': 'https://api.github.com/users/vism2889/followers', 'following_url': 'https://api.github.com/users/vism2889/following{/other_user}', 'gists_url': 'https://api.github.com/users/vism2889/gists{/gist_id}', 'starred_url': 'https://api.github.com/users/vism2889/starred{/owner}{/repo}', 'subscriptions_url': 'https://api.github.com/users/vism2889/subscriptions', 'organizations_url': 'https://api.github.com/users/vism2889/orgs', 'repos_url': 'https://api.github.com/users/vism2889/repos', 'events_url': 'https://api.github.com/users/vism2889/events{/privacy}', 'received_events_url': 'https://api.github.com/users/vism2889/received_events', 'type': 'User', 'site_admin': False}]",,0,2022-12-14T07:56:27Z,2022-12-14T07:56:28Z,,OWNER,,,,"remove unneeded information from block information display such as:
- infrastructure
- secs to traverse
- switchPresence 
- crossingPresence
-switch","{'url': 'https://api.github.com/repos/vism2889/ECE_1140_TRAINS/issues/162/reactions', 'total_count': 0, '+1': 0, '-1': 0, 'laugh': 0, 'hooray': 0, 'confused': 0, 'heart': 0, 'rocket': 0, 'eyes': 0}",https://api.github.com/repos/vism2889/ECE_1140_TRAINS/issues/162/timeline,,
7,https://api.github.com/repos/vism2889/ECE_1140_TRAINS/issues/158,https://api.github.com/repos/vism2889/ECE_1140_TRAINS,https://api.github.com/repos/vism2889/ECE_1140_TRAINS/issues/158/labels{/name},https://api.github.com/repos/vism2889/ECE_1140_TRAINS/issues/158/comments,https://api.github.com/repos/vism2889/ECE_1140_TRAINS/issues/158/events,https://github.com/vism2889/ECE_1140_TRAINS/issues/158,1495715247,I_kwDOH7FgmM5ZJs2v,158,Track Model: Faults not displaying correctly after switching between lines,"{'login': 'vism2889', 'id': 25832043, 'node_id': 'MDQ6VXNlcjI1ODMyMDQz', 'avatar_url': 'https://avatars.githubusercontent.com/u/25832043?v=4', 'gravatar_id': '', 'url': 'https://api.github.com/users/vism2889', 'html_url': 'https://github.com/vism2889', 'followers_url': 'https://api.github.com/users/vism2889/followers', 'following_url': 'https://api.github.com/users/vism2889/following{/other_user}', 'gists_url': 'https://api.github.com/users/vism2889/gists{/gist_id}', 'starred_url': 'https://api.github.com/users/vism2889/starred{/owner}{/repo}', 'subscriptions_url': 'https://api.github.com/users/vism2889/subscriptions', 'organizations_url': 'https://api.github.com/users/vism2889/orgs', 'repos_url': 'https://api.github.com/users/vism2889/repos', 'events_url': 'https://api.github.com/users/vism2889/events{/privacy}', 'received_events_url': 'https://api.github.com/users/vism2889/received_events', 'type': 'User', 'site_admin': False}","[{'id': 4488907105, 'node_id': 'LA_kwDOH7FgmM8AAAABC49JYQ', 'url': 'https://api.github.com/repos/vism2889/ECE_1140_TRAINS/labels/bug', 'name': 'bug', 'color': 'd73a4a', 'default': True, 'description': ""Something isn't working""}]",open,False,"{'login': 'vism2889', 'id': 25832043, 'node_id': 'MDQ6VXNlcjI1ODMyMDQz', 'avatar_url': 'https://avatars.githubusercontent.com/u/25832043?v=4', 'gravatar_id': '', 'url': 'https://api.github.com/users/vism2889', 'html_url': 'https://github.com/vism2889', 'followers_url': 'https://api.github.com/users/vism2889/followers', 'following_url': 'https://api.github.com/users/vism2889/following{/other_user}', 'gists_url': 'https://api.github.com/users/vism2889/gists{/gist_id}', 'starred_url': 'https://api.github.com/users/vism2889/starred{/owner}{/repo}', 'subscriptions_url': 'https://api.github.com/users/vism2889/subscriptions', 'organizations_url': 'https://api.github.com/users/vism2889/orgs', 'repos_url': 'https://api.github.com/users/vism2889/repos', 'events_url': 'https://api.github.com/users/vism2889/events{/privacy}', 'received_events_url': 'https://api.github.com/users/vism2889/received_events', 'type': 'User', 'site_admin': False}","[{'login': 'vism2889', 'id': 25832043, 'node_id': 'MDQ6VXNlcjI1ODMyMDQz', 'avatar_url': 'https://avatars.githubusercontent.com/u/25832043?v=4', 'gravatar_id': '', 'url': 'https://api.github.com/users/vism2889', 'html_url': 'https://github.com/vism2889', 'followers_url': 'https://api.github.com/users/vism2889/followers', 'following_url': 'https://api.github.com/users/vism2889/following{/other_user}', 'gists_url': 'https://api.github.com/users/vism2889/gists{/gist_id}', 'starred_url': 'https://api.github.com/users/vism2889/starred{/owner}{/repo}', 'subscriptions_url': 'https://api.github.com/users/vism2889/subscriptions', 'organizations_url': 'https://api.github.com/users/vism2889/orgs', 'repos_url': 'https://api.github.com/users/vism2889/repos', 'events_url': 'https://api.github.com/users/vism2889/events{/privacy}', 'received_events_url': 'https://api.github.com/users/vism2889/received_events', 'type': 'User', 'site_admin': False}]",,0,2022-12-14T05:22:14Z,2022-12-14T07:48:46Z,,OWNER,,,,"When a user triggers a fault on one line, say the green line, and then switches to the red line and triggers a fault, after switching back to the green line the faults no longer exist.","{'url': 'https://api.github.com/repos/vism2889/ECE_1140_TRAINS/issues/158/reactions', 'total_count': 0, '+1': 0, '-1': 0, 'laugh': 0, 'hooray': 0, 'confused': 0, 'heart': 0, 'rocket': 0, 'eyes': 0}",https://api.github.com/repos/vism2889/ECE_1140_TRAINS/issues/158/timeline,,
8,https://api.github.com/repos/vism2889/ECE_1140_TRAINS/issues/151,https://api.github.com/repos/vism2889/ECE_1140_TRAINS,https://api.github.com/repos/vism2889/ECE_1140_TRAINS/issues/151/labels{/name},https://api.github.com/repos/vism2889/ECE_1140_TRAINS/issues/151/comments,https://api.github.com/repos/vism2889/ECE_1140_TRAINS/issues/151/events,https://github.com/vism2889/ECE_1140_TRAINS/issues/151,1495366742,I_kwDOH7FgmM5ZIXxW,151,Train Model - Authority never reaches zero at block 57 (yard) and train does not get removed ,"{'login': 'gwenel55', 'id': 97482533, 'node_id': 'U_kgDOBc93JQ', 'avatar_url': 'https://avatars.githubusercontent.com/u/97482533?v=4', 'gravatar_id': '', 'url': 'https://api.github.com/users/gwenel55', 'html_url': 'https://github.com/gwenel55', 'followers_url': 'https://api.github.com/users/gwenel55/followers', 'following_url': 'https://api.github.com/users/gwenel55/following{/other_user}', 'gists_url': 'https://api.github.com/users/gwenel55/gists{/gist_id}', 'starred_url': 'https://api.github.com/users/gwenel55/starred{/owner}{/repo}', 'subscriptions_url': 'https://api.github.com/users/gwenel55/subscriptions', 'organizations_url': 'https://api.github.com/users/gwenel55/orgs', 'repos_url': 'https://api.github.com/users/gwenel55/repos', 'events_url': 'https://api.github.com/users/gwenel55/events{/privacy}', 'received_events_url': 'https://api.github.com/users/gwenel55/received_events', 'type': 'User', 'site_admin': False}","[{'id': 4488907105, 'node_id': 'LA_kwDOH7FgmM8AAAABC49JYQ', 'url': 'https://api.github.com/repos/vism2889/ECE_1140_TRAINS/labels/bug', 'name': 'bug', 'color': 'd73a4a', 'default': True, 'description': ""Something isn't working""}]",open,False,"{'login': 'sush2023', 'id': 69727934, 'node_id': 'MDQ6VXNlcjY5NzI3OTM0', 'avatar_url': 'https://avatars.githubusercontent.com/u/69727934?v=4', 'gravatar_id': '', 'url': 'https://api.github.com/users/sush2023', 'html_url': 'https://github.com/sush2023', 'followers_url': 'https://api.github.com/users/sush2023/followers', 'following_url': 'https://api.github.com/users/sush2023/following{/other_user}', 'gists_url': 'https://api.github.com/users/sush2023/gists{/gist_id}', 'starred_url': 'https://api.github.com/users/sush2023/starred{/owner}{/repo}', 'subscriptions_url': 'https://api.github.com/users/sush2023/subscriptions', 'organizations_url': 'https://api.github.com/users/sush2023/orgs', 'repos_url': 'https://api.github.com/users/sush2023/repos', 'events_url': 'https://api.github.com/users/sush2023/events{/privacy}', 'received_events_url': 'https://api.github.com/users/sush2023/received_events', 'type': 'User', 'site_admin': False}","[{'login': 'sush2023', 'id': 69727934, 'node_id': 'MDQ6VXNlcjY5NzI3OTM0', 'avatar_url': 'https://avatars.githubusercontent.com/u/69727934?v=4', 'gravatar_id': '', 'url': 'https://api.github.com/users/sush2023', 'html_url': 'https://github.com/sush2023', 'followers_url': 'https://api.github.com/users/sush2023/followers', 'following_url': 'https://api.github.com/users/sush2023/following{/other_user}', 'gists_url': 'https://api.github.com/users/sush2023/gists{/gist_id}', 'starred_url': 'https://api.github.com/users/sush2023/starred{/owner}{/repo}', 'subscriptions_url': 'https://api.github.com/users/sush2023/subscriptions', 'organizations_url': 'https://api.github.com/users/sush2023/orgs', 'repos_url': 'https://api.github.com/users/sush2023/repos', 'events_url': 'https://api.github.com/users/sush2023/events{/privacy}', 'received_events_url': 'https://api.github.com/users/sush2023/received_events', 'type': 'User', 'site_admin': False}]",,1,2022-12-14T00:18:26Z,2022-12-15T09:09:13Z,,COLLABORATOR,,,,,"{'url': 'https://api.github.com/repos/vism2889/ECE_1140_TRAINS/issues/151/reactions', 'total_count': 0, '+1': 0, '-1': 0, 'laugh': 0, 'hooray': 0, 'confused': 0, 'heart': 0, 'rocket': 0, 'eyes': 0}",https://api.github.com/repos/vism2889/ECE_1140_TRAINS/issues/151/timeline,,
9,https://api.github.com/repos/vism2889/ECE_1140_TRAINS/issues/148,https://api.github.com/repos/vism2889/ECE_1140_TRAINS,https://api.github.com/repos/vism2889/ECE_1140_TRAINS/issues/148/labels{/name},https://api.github.com/repos/vism2889/ECE_1140_TRAINS/issues/148/comments,https://api.github.com/repos/vism2889/ECE_1140_TRAINS/issues/148/events,https://github.com/vism2889/ECE_1140_TRAINS/issues/148,1493090136,I_kwDOH7FgmM5Y_r9Y,148,EVERYONE - Add style sheet to module,"{'login': 'beyonson', 'id': 77867663, 'node_id': 'MDQ6VXNlcjc3ODY3NjYz', 'avatar_url': 'https://avatars.githubusercontent.com/u/77867663?v=4', 'gravatar_id': '', 'url': 'https://api.github.com/users/beyonson', 'html_url': 'https://github.com/beyonson', 'followers_url': 'https://api.github.com/users/beyonson/followers', 'following_url': 'https://api.github.com/users/beyonson/following{/other_user}', 'gists_url': 'https://api.github.com/users/beyonson/gists{/gist_id}', 'starred_url': 'https://api.github.com/users/beyonson/starred{/owner}{/repo}', 'subscriptions_url': 'https://api.github.com/users/beyonson/subscriptions', 'organizations_url': 'https://api.github.com/users/beyonson/orgs', 'repos_url': 'https://api.github.com/users/beyonson/repos', 'events_url': 'https://api.github.com/users/beyonson/events{/privacy}', 'received_events_url': 'https://api.github.com/users/beyonson/received_events', 'type': 'User', 'site_admin': False}","[{'id': 4488907105, 'node_id': 'LA_kwDOH7FgmM8AAAABC49JYQ', 'url': 'https://api.github.com/repos/vism2889/ECE_1140_TRAINS/labels/bug', 'name': 'bug', 'color': 'd73a4a', 'default': True, 'description': ""Something isn't working""}, {'id': 4488907111, 'node_id': 'LA_kwDOH7FgmM8AAAABC49JZw', 'url': 'https://api.github.com/repos/vism2889/ECE_1140_TRAINS/labels/enhancement', 'name': 'enhancement', 'color': 'a2eeef', 'default': True, 'description': 'New feature or request'}]",open,False,"{'login': 'vism2889', 'id': 25832043, 'node_id': 'MDQ6VXNlcjI1ODMyMDQz', 'avatar_url': 'https://avatars.githubusercontent.com/u/25832043?v=4', 'gravatar_id': '', 'url': 'https://api.github.com/users/vism2889', 'html_url': 'https://github.com/vism2889', 'followers_url': 'https://api.github.com/users/vism2889/followers', 'following_url': 'https://api.github.com/users/vism2889/following{/other_user}', 'gists_url': 'https://api.github.com/users/vism2889/gists{/gist_id}', 'starred_url': 'https://api.github.com/users/vism2889/starred{/owner}{/repo}', 'subscriptions_url': 'https://api.github.com/users/vism2889/subscriptions', 'organizations_url': 'https://api.github.com/users/vism2889/orgs', 'repos_url': 'https://api.github.com/users/vism2889/repos', 'events_url': 'https://api.github.com/users/vism2889/events{/privacy}', 'received_events_url': 'https://api.github.com/users/vism2889/received_events', 'type': 'User', 'site_admin': False}","[{'login': 'vism2889', 'id': 25832043, 'node_id': 'MDQ6VXNlcjI1ODMyMDQz', 'avatar_url': 'https://avatars.githubusercontent.com/u/25832043?v=4', 'gravatar_id': '', 'url': 'https://api.github.com/users/vism2889', 'html_url': 'https://github.com/vism2889', 'followers_url': 'https://api.github.com/users/vism2889/followers', 'following_url': 'https://api.github.com/users/vism2889/following{/other_user}', 'gists_url': 'https://api.github.com/users/vism2889/gists{/gist_id}', 'starred_url': 'https://api.github.com/users/vism2889/starred{/owner}{/repo}', 'subscriptions_url': 'https://api.github.com/users/vism2889/subscriptions', 'organizations_url': 'https://api.github.com/users/vism2889/orgs', 'repos_url': 'https://api.github.com/users/vism2889/repos', 'events_url': 'https://api.github.com/users/vism2889/events{/privacy}', 'received_events_url': 'https://api.github.com/users/vism2889/received_events', 'type': 'User', 'site_admin': False}, {'login': 'sush2023', 'id': 69727934, 'node_id': 'MDQ6VXNlcjY5NzI3OTM0', 'avatar_url': 'https://avatars.githubusercontent.com/u/69727934?v=4', 'gravatar_id': '', 'url': 'https://api.github.com/users/sush2023', 'html_url': 'https://github.com/sush2023', 'followers_url': 'https://api.github.com/users/sush2023/followers', 'following_url': 'https://api.github.com/users/sush2023/following{/other_user}', 'gists_url': 'https://api.github.com/users/sush2023/gists{/gist_id}', 'starred_url': 'https://api.github.com/users/sush2023/starred{/owner}{/repo}', 'subscriptions_url': 'https://api.github.com/users/sush2023/subscriptions', 'organizations_url': 'https://api.github.com/users/sush2023/orgs', 'repos_url': 'https://api.github.com/users/sush2023/repos', 'events_url': 'https://api.github.com/users/sush2023/events{/privacy}', 'received_events_url': 'https://api.github.com/users/sush2023/received_events', 'type': 'User', 'site_admin': False}, {'login': 'juinsommer', 'id': 76053827, 'node_id': 'MDQ6VXNlcjc2MDUzODI3', 'avatar_url': 'https://avatars.githubusercontent.com/u/76053827?v=4', 'gravatar_id': '', 'url': 'https://api.github.com/users/juinsommer', 'html_url': 'https://github.com/juinsommer', 'followers_url': 'https://api.github.com/users/juinsommer/followers', 'following_url': 'https://api.github.com/users/juinsommer/following{/other_user}', 'gists_url': 'https://api.github.com/users/juinsommer/gists{/gist_id}', 'starred_url': 'https://api.github.com/users/juinsommer/starred{/owner}{/repo}', 'subscriptions_url': 'https://api.github.com/users/juinsommer/subscriptions', 'organizations_url': 'https://api.github.com/users/juinsommer/orgs', 'repos_url': 'https://api.github.com/users/juinsommer/repos', 'events_url': 'https://api.github.com/users/juinsommer/events{/privacy}', 'received_events_url': 'https://api.github.com/users/juinsommer/received_events', 'type': 'User', 'site_admin': False}, {'login': 'beyonson', 'id': 77867663, 'node_id': 'MDQ6VXNlcjc3ODY3NjYz', 'avatar_url': 'https://avatars.githubusercontent.com/u/77867663?v=4', 'gravatar_id': '', 'url': 'https://api.github.com/users/beyonson', 'html_url': 'https://github.com/beyonson', 'followers_url': 'https://api.github.com/users/beyonson/followers', 'following_url': 'https://api.github.com/users/beyonson/following{/other_user}', 'gists_url': 'https://api.github.com/users/beyonson/gists{/gist_id}', 'starred_url': 'https://api.github.com/users/beyonson/starred{/owner}{/repo}', 'subscriptions_url': 'https://api.github.com/users/beyonson/subscriptions', 'organizations_url': 'https://api.github.com/users/beyonson/orgs', 'repos_url': 'https://api.github.com/users/beyonson/repos', 'events_url': 'https://api.github.com/users/beyonson/events{/privacy}', 'received_events_url': 'https://api.github.com/users/beyonson/received_events', 'type': 'User', 'site_admin': False}, {'login': 'NMMallick', 'id': 79054723, 'node_id': 'MDQ6VXNlcjc5MDU0NzIz', 'avatar_url': 'https://avatars.githubusercontent.com/u/79054723?v=4', 'gravatar_id': '', 'url': 'https://api.github.com/users/NMMallick', 'html_url': 'https://github.com/NMMallick', 'followers_url': 'https://api.github.com/users/NMMallick/followers', 'following_url': 'https://api.github.com/users/NMMallick/following{/other_user}', 'gists_url': 'https://api.github.com/users/NMMallick/gists{/gist_id}', 'starred_url': 'https://api.github.com/users/NMMallick/starred{/owner}{/repo}', 'subscriptions_url': 'https://api.github.com/users/NMMallick/subscriptions', 'organizations_url': 'https://api.github.com/users/NMMallick/orgs', 'repos_url': 'https://api.github.com/users/NMMallick/repos', 'events_url': 'https://api.github.com/users/NMMallick/events{/privacy}', 'received_events_url': 'https://api.github.com/users/NMMallick/received_events', 'type': 'User', 'site_admin': False}, {'login': 'gwenel55', 'id': 97482533, 'node_id': 'U_kgDOBc93JQ', 'avatar_url': 'https://avatars.githubusercontent.com/u/97482533?v=4', 'gravatar_id': '', 'url': 'https://api.github.com/users/gwenel55', 'html_url': 'https://github.com/gwenel55', 'followers_url': 'https://api.github.com/users/gwenel55/followers', 'following_url': 'https://api.github.com/users/gwenel55/following{/other_user}', 'gists_url': 'https://api.github.com/users/gwenel55/gists{/gist_id}', 'starred_url': 'https://api.github.com/users/gwenel55/starred{/owner}{/repo}', 'subscriptions_url': 'https://api.github.com/users/gwenel55/subscriptions', 'organizations_url': 'https://api.github.com/users/gwenel55/orgs', 'repos_url': 'https://api.github.com/users/gwenel55/repos', 'events_url': 'https://api.github.com/users/gwenel55/events{/privacy}', 'received_events_url': 'https://api.github.com/users/gwenel55/received_events', 'type': 'User', 'site_admin': False}]",,0,2022-12-13T00:42:21Z,2022-12-15T09:02:45Z,,COLLABORATOR,,,,"There is now a global style sheet in the LaunchSystem.py

You can add it to your module like I did on line 74","{'url': 'https://api.github.com/repos/vism2889/ECE_1140_TRAINS/issues/148/reactions', 'total_count': 0, '+1': 0, '-1': 0, 'laugh': 0, 'hooray': 0, 'confused': 0, 'heart': 0, 'rocket': 0, 'eyes': 0}",https://api.github.com/repos/vism2889/ECE_1140_TRAINS/issues/148/timeline,,
10,https://api.github.com/repos/vism2889/ECE_1140_TRAINS/issues/143,https://api.github.com/repos/vism2889/ECE_1140_TRAINS,https://api.github.com/repos/vism2889/ECE_1140_TRAINS/issues/143/labels{/name},https://api.github.com/repos/vism2889/ECE_1140_TRAINS/issues/143/comments,https://api.github.com/repos/vism2889/ECE_1140_TRAINS/issues/143/events,https://github.com/vism2889/ECE_1140_TRAINS/issues/143,1492896932,I_kwDOH7FgmM5Y-8yk,143,CTC needs authority based on stations ,"{'login': 'beyonson', 'id': 77867663, 'node_id': 'MDQ6VXNlcjc3ODY3NjYz', 'avatar_url': 'https://avatars.githubusercontent.com/u/77867663?v=4', 'gravatar_id': '', 'url': 'https://api.github.com/users/beyonson', 'html_url': 'https://github.com/beyonson', 'followers_url': 'https://api.github.com/users/beyonson/followers', 'following_url': 'https://api.github.com/users/beyonson/following{/other_user}', 'gists_url': 'https://api.github.com/users/beyonson/gists{/gist_id}', 'starred_url': 'https://api.github.com/users/beyonson/starred{/owner}{/repo}', 'subscriptions_url': 'https://api.github.com/users/beyonson/subscriptions', 'organizations_url': 'https://api.github.com/users/beyonson/orgs', 'repos_url': 'https://api.github.com/users/beyonson/repos', 'events_url': 'https://api.github.com/users/beyonson/events{/privacy}', 'received_events_url': 'https://api.github.com/users/beyonson/received_events', 'type': 'User', 'site_admin': False}",[],open,False,"{'login': 'sush2023', 'id': 69727934, 'node_id': 'MDQ6VXNlcjY5NzI3OTM0', 'avatar_url': 'https://avatars.githubusercontent.com/u/69727934?v=4', 'gravatar_id': '', 'url': 'https://api.github.com/users/sush2023', 'html_url': 'https://github.com/sush2023', 'followers_url': 'https://api.github.com/users/sush2023/followers', 'following_url': 'https://api.github.com/users/sush2023/following{/other_user}', 'gists_url': 'https://api.github.com/users/sush2023/gists{/gist_id}', 'starred_url': 'https://api.github.com/users/sush2023/starred{/owner}{/repo}', 'subscriptions_url': 'https://api.github.com/users/sush2023/subscriptions', 'organizations_url': 'https://api.github.com/users/sush2023/orgs', 'repos_url': 'https://api.github.com/users/sush2023/repos', 'events_url': 'https://api.github.com/users/sush2023/events{/privacy}', 'received_events_url': 'https://api.github.com/users/sush2023/received_events', 'type': 'User', 'site_admin': False}","[{'login': 'sush2023', 'id': 69727934, 'node_id': 'MDQ6VXNlcjY5NzI3OTM0', 'avatar_url': 'https://avatars.githubusercontent.com/u/69727934?v=4', 'gravatar_id': '', 'url': 'https://api.github.com/users/sush2023', 'html_url': 'https://github.com/sush2023', 'followers_url': 'https://api.github.com/users/sush2023/followers', 'following_url': 'https://api.github.com/users/sush2023/following{/other_user}', 'gists_url': 'https://api.github.com/users/sush2023/gists{/gist_id}', 'starred_url': 'https://api.github.com/users/sush2023/starred{/owner}{/repo}', 'subscriptions_url': 'https://api.github.com/users/sush2023/subscriptions', 'organizations_url': 'https://api.github.com/users/sush2023/orgs', 'repos_url': 'https://api.github.com/users/sush2023/repos', 'events_url': 'https://api.github.com/users/sush2023/events{/privacy}', 'received_events_url': 'https://api.github.com/users/sush2023/received_events', 'type': 'User', 'site_admin': False}]",,0,2022-12-12T22:26:50Z,2022-12-12T22:26:51Z,,COLLABORATOR,,,,,"{'url': 'https://api.github.com/repos/vism2889/ECE_1140_TRAINS/issues/143/reactions', 'total_count': 0, '+1': 0, '-1': 0, 'laugh': 0, 'hooray': 0, 'confused': 0, 'heart': 0, 'rocket': 0, 'eyes': 0}",https://api.github.com/repos/vism2889/ECE_1140_TRAINS/issues/143/timeline,,
11,https://api.github.com/repos/vism2889/ECE_1140_TRAINS/issues/110,https://api.github.com/repos/vism2889/ECE_1140_TRAINS,https://api.github.com/repos/vism2889/ECE_1140_TRAINS/issues/110/labels{/name},https://api.github.com/repos/vism2889/ECE_1140_TRAINS/issues/110/comments,https://api.github.com/repos/vism2889/ECE_1140_TRAINS/issues/110/events,https://github.com/vism2889/ECE_1140_TRAINS/issues/110,1487414707,I_kwDOH7FgmM5YqCWz,110,CTC Office - Add switch state updating,"{'login': 'beyonson', 'id': 77867663, 'node_id': 'MDQ6VXNlcjc3ODY3NjYz', 'avatar_url': 'https://avatars.githubusercontent.com/u/77867663?v=4', 'gravatar_id': '', 'url': 'https://api.github.com/users/beyonson', 'html_url': 'https://github.com/beyonson', 'followers_url': 'https://api.github.com/users/beyonson/followers', 'following_url': 'https://api.github.com/users/beyonson/following{/other_user}', 'gists_url': 'https://api.github.com/users/beyonson/gists{/gist_id}', 'starred_url': 'https://api.github.com/users/beyonson/starred{/owner}{/repo}', 'subscriptions_url': 'https://api.github.com/users/beyonson/subscriptions', 'organizations_url': 'https://api.github.com/users/beyonson/orgs', 'repos_url': 'https://api.github.com/users/beyonson/repos', 'events_url': 'https://api.github.com/users/beyonson/events{/privacy}', 'received_events_url': 'https://api.github.com/users/beyonson/received_events', 'type': 'User', 'site_admin': False}","[{'id': 4488907105, 'node_id': 'LA_kwDOH7FgmM8AAAABC49JYQ', 'url': 'https://api.github.com/repos/vism2889/ECE_1140_TRAINS/labels/bug', 'name': 'bug', 'color': 'd73a4a', 'default': True, 'description': ""Something isn't working""}]",open,False,"{'login': 'beyonson', 'id': 77867663, 'node_id': 'MDQ6VXNlcjc3ODY3NjYz', 'avatar_url': 'https://avatars.githubusercontent.com/u/77867663?v=4', 'gravatar_id': '', 'url': 'https://api.github.com/users/beyonson', 'html_url': 'https://github.com/beyonson', 'followers_url': 'https://api.github.com/users/beyonson/followers', 'following_url': 'https://api.github.com/users/beyonson/following{/other_user}', 'gists_url': 'https://api.github.com/users/beyonson/gists{/gist_id}', 'starred_url': 'https://api.github.com/users/beyonson/starred{/owner}{/repo}', 'subscriptions_url': 'https://api.github.com/users/beyonson/subscriptions', 'organizations_url': 'https://api.github.com/users/beyonson/orgs', 'repos_url': 'https://api.github.com/users/beyonson/repos', 'events_url': 'https://api.github.com/users/beyonson/events{/privacy}', 'received_events_url': 'https://api.github.com/users/beyonson/received_events', 'type': 'User', 'site_admin': False}","[{'login': 'beyonson', 'id': 77867663, 'node_id': 'MDQ6VXNlcjc3ODY3NjYz', 'avatar_url': 'https://avatars.githubusercontent.com/u/77867663?v=4', 'gravatar_id': '', 'url': 'https://api.github.com/users/beyonson', 'html_url': 'https://github.com/beyonson', 'followers_url': 'https://api.github.com/users/beyonson/followers', 'following_url': 'https://api.github.com/users/beyonson/following{/other_user}', 'gists_url': 'https://api.github.com/users/beyonson/gists{/gist_id}', 'starred_url': 'https://api.github.com/users/beyonson/starred{/owner}{/repo}', 'subscriptions_url': 'https://api.github.com/users/beyonson/subscriptions', 'organizations_url': 'https://api.github.com/users/beyonson/orgs', 'repos_url': 'https://api.github.com/users/beyonson/repos', 'events_url': 'https://api.github.com/users/beyonson/events{/privacy}', 'received_events_url': 'https://api.github.com/users/beyonson/received_events', 'type': 'User', 'site_admin': False}]",,0,2022-12-09T20:32:00Z,2022-12-09T20:32:09Z,,COLLABORATOR,,,,Switch states are static as of now. These need to change dynamically,"{'url': 'https://api.github.com/repos/vism2889/ECE_1140_TRAINS/issues/110/reactions', 'total_count': 0, '+1': 0, '-1': 0, 'laugh': 0, 'hooray': 0, 'confused': 0, 'heart': 0, 'rocket': 0, 'eyes': 0}",https://api.github.com/repos/vism2889/ECE_1140_TRAINS/issues/110/timeline,,
12,https://api.github.com/repos/vism2889/ECE_1140_TRAINS/issues/106,https://api.github.com/repos/vism2889/ECE_1140_TRAINS,https://api.github.com/repos/vism2889/ECE_1140_TRAINS/issues/106/labels{/name},https://api.github.com/repos/vism2889/ECE_1140_TRAINS/issues/106/comments,https://api.github.com/repos/vism2889/ECE_1140_TRAINS/issues/106/events,https://github.com/vism2889/ECE_1140_TRAINS/issues/106,1487258938,I_kwDOH7FgmM5YpcU6,106,add logging to modules that require it for debugging,"{'login': 'vism2889', 'id': 25832043, 'node_id': 'MDQ6VXNlcjI1ODMyMDQz', 'avatar_url': 'https://avatars.githubusercontent.com/u/25832043?v=4', 'gravatar_id': '', 'url': 'https://api.github.com/users/vism2889', 'html_url': 'https://github.com/vism2889', 'followers_url': 'https://api.github.com/users/vism2889/followers', 'following_url': 'https://api.github.com/users/vism2889/following{/other_user}', 'gists_url': 'https://api.github.com/users/vism2889/gists{/gist_id}', 'starred_url': 'https://api.github.com/users/vism2889/starred{/owner}{/repo}', 'subscriptions_url': 'https://api.github.com/users/vism2889/subscriptions', 'organizations_url': 'https://api.github.com/users/vism2889/orgs', 'repos_url': 'https://api.github.com/users/vism2889/repos', 'events_url': 'https://api.github.com/users/vism2889/events{/privacy}', 'received_events_url': 'https://api.github.com/users/vism2889/received_events', 'type': 'User', 'site_admin': False}","[{'id': 4488907105, 'node_id': 'LA_kwDOH7FgmM8AAAABC49JYQ', 'url': 'https://api.github.com/repos/vism2889/ECE_1140_TRAINS/labels/bug', 'name': 'bug', 'color': 'd73a4a', 'default': True, 'description': ""Something isn't working""}]",open,False,,[],,0,2022-12-09T18:47:41Z,2022-12-09T18:47:41Z,,OWNER,,,,,"{'url': 'https://api.github.com/repos/vism2889/ECE_1140_TRAINS/issues/106/reactions', 'total_count': 0, '+1': 0, '-1': 0, 'laugh': 0, 'hooray': 0, 'confused': 0, 'heart': 0, 'rocket': 0, 'eyes': 0}",https://api.github.com/repos/vism2889/ECE_1140_TRAINS/issues/106/timeline,,
13,https://api.github.com/repos/vism2889/ECE_1140_TRAINS/issues/102,https://api.github.com/repos/vism2889/ECE_1140_TRAINS,https://api.github.com/repos/vism2889/ECE_1140_TRAINS/issues/102/labels{/name},https://api.github.com/repos/vism2889/ECE_1140_TRAINS/issues/102/comments,https://api.github.com/repos/vism2889/ECE_1140_TRAINS/issues/102/events,https://github.com/vism2889/ECE_1140_TRAINS/issues/102,1487221158,I_kwDOH7FgmM5YpTGm,102,Screen resolution can affect the way a pyqt window is displayed.,"{'login': 'vism2889', 'id': 25832043, 'node_id': 'MDQ6VXNlcjI1ODMyMDQz', 'avatar_url': 'https://avatars.githubusercontent.com/u/25832043?v=4', 'gravatar_id': '', 'url': 'https://api.github.com/users/vism2889', 'html_url': 'https://github.com/vism2889', 'followers_url': 'https://api.github.com/users/vism2889/followers', 'following_url': 'https://api.github.com/users/vism2889/following{/other_user}', 'gists_url': 'https://api.github.com/users/vism2889/gists{/gist_id}', 'starred_url': 'https://api.github.com/users/vism2889/starred{/owner}{/repo}', 'subscriptions_url': 'https://api.github.com/users/vism2889/subscriptions', 'organizations_url': 'https://api.github.com/users/vism2889/orgs', 'repos_url': 'https://api.github.com/users/vism2889/repos', 'events_url': 'https://api.github.com/users/vism2889/events{/privacy}', 'received_events_url': 'https://api.github.com/users/vism2889/received_events', 'type': 'User', 'site_admin': False}","[{'id': 4488907105, 'node_id': 'LA_kwDOH7FgmM8AAAABC49JYQ', 'url': 'https://api.github.com/repos/vism2889/ECE_1140_TRAINS/labels/bug', 'name': 'bug', 'color': 'd73a4a', 'default': True, 'description': ""Something isn't working""}]",open,False,,[],,0,2022-12-09T18:24:33Z,2022-12-09T18:24:33Z,,OWNER,,,,"Screen resolution can affect the way a pyqt window is displayed.  Functionality exists to account for this, this should be tested and added to each modules UI.","{'url': 'https://api.github.com/repos/vism2889/ECE_1140_TRAINS/issues/102/reactions', 'total_count': 0, '+1': 0, '-1': 0, 'laugh': 0, 'hooray': 0, 'confused': 0, 'heart': 0, 'rocket': 0, 'eyes': 0}",https://api.github.com/repos/vism2889/ECE_1140_TRAINS/issues/102/timeline,,
14,https://api.github.com/repos/vism2889/ECE_1140_TRAINS/issues/101,https://api.github.com/repos/vism2889/ECE_1140_TRAINS,https://api.github.com/repos/vism2889/ECE_1140_TRAINS/issues/101/labels{/name},https://api.github.com/repos/vism2889/ECE_1140_TRAINS/issues/101/comments,https://api.github.com/repos/vism2889/ECE_1140_TRAINS/issues/101/events,https://github.com/vism2889/ECE_1140_TRAINS/issues/101,1487216465,I_kwDOH7FgmM5YpR9R,101,"Track Model test UI and unit tests no longer reflect current code, perform required updates","{'login': 'vism2889', 'id': 25832043, 'node_id': 'MDQ6VXNlcjI1ODMyMDQz', 'avatar_url': 'https://avatars.githubusercontent.com/u/25832043?v=4', 'gravatar_id': '', 'url': 'https://api.github.com/users/vism2889', 'html_url': 'https://github.com/vism2889', 'followers_url': 'https://api.github.com/users/vism2889/followers', 'following_url': 'https://api.github.com/users/vism2889/following{/other_user}', 'gists_url': 'https://api.github.com/users/vism2889/gists{/gist_id}', 'starred_url': 'https://api.github.com/users/vism2889/starred{/owner}{/repo}', 'subscriptions_url': 'https://api.github.com/users/vism2889/subscriptions', 'organizations_url': 'https://api.github.com/users/vism2889/orgs', 'repos_url': 'https://api.github.com/users/vism2889/repos', 'events_url': 'https://api.github.com/users/vism2889/events{/privacy}', 'received_events_url': 'https://api.github.com/users/vism2889/received_events', 'type': 'User', 'site_admin': False}","[{'id': 4488907105, 'node_id': 'LA_kwDOH7FgmM8AAAABC49JYQ', 'url': 'https://api.github.com/repos/vism2889/ECE_1140_TRAINS/labels/bug', 'name': 'bug', 'color': 'd73a4a', 'default': True, 'description': ""Something isn't working""}]",open,False,"{'login': 'vism2889', 'id': 25832043, 'node_id': 'MDQ6VXNlcjI1ODMyMDQz', 'avatar_url': 'https://avatars.githubusercontent.com/u/25832043?v=4', 'gravatar_id': '', 'url': 'https://api.github.com/users/vism2889', 'html_url': 'https://github.com/vism2889', 'followers_url': 'https://api.github.com/users/vism2889/followers', 'following_url': 'https://api.github.com/users/vism2889/following{/other_user}', 'gists_url': 'https://api.github.com/users/vism2889/gists{/gist_id}', 'starred_url': 'https://api.github.com/users/vism2889/starred{/owner}{/repo}', 'subscriptions_url': 'https://api.github.com/users/vism2889/subscriptions', 'organizations_url': 'https://api.github.com/users/vism2889/orgs', 'repos_url': 'https://api.github.com/users/vism2889/repos', 'events_url': 'https://api.github.com/users/vism2889/events{/privacy}', 'received_events_url': 'https://api.github.com/users/vism2889/received_events', 'type': 'User', 'site_admin': False}","[{'login': 'vism2889', 'id': 25832043, 'node_id': 'MDQ6VXNlcjI1ODMyMDQz', 'avatar_url': 'https://avatars.githubusercontent.com/u/25832043?v=4', 'gravatar_id': '', 'url': 'https://api.github.com/users/vism2889', 'html_url': 'https://github.com/vism2889', 'followers_url': 'https://api.github.com/users/vism2889/followers', 'following_url': 'https://api.github.com/users/vism2889/following{/other_user}', 'gists_url': 'https://api.github.com/users/vism2889/gists{/gist_id}', 'starred_url': 'https://api.github.com/users/vism2889/starred{/owner}{/repo}', 'subscriptions_url': 'https://api.github.com/users/vism2889/subscriptions', 'organizations_url': 'https://api.github.com/users/vism2889/orgs', 'repos_url': 'https://api.github.com/users/vism2889/repos', 'events_url': 'https://api.github.com/users/vism2889/events{/privacy}', 'received_events_url': 'https://api.github.com/users/vism2889/received_events', 'type': 'User', 'site_admin': False}]",,0,2022-12-09T18:21:37Z,2022-12-14T07:49:58Z,,OWNER,,,,The Track Model test UI and unit tests are out of date and need to be changed to reflect the current track model configuration and system pyqt.signal configuration.,"{'url': 'https://api.github.com/repos/vism2889/ECE_1140_TRAINS/issues/101/reactions', 'total_count': 0, '+1': 0, '-1': 0, 'laugh': 0, 'hooray': 0, 'confused': 0, 'heart': 0, 'rocket': 0, 'eyes': 0}",https://api.github.com/repos/vism2889/ECE_1140_TRAINS/issues/101/timeline,,
15,https://api.github.com/repos/vism2889/ECE_1140_TRAINS/issues/99,https://api.github.com/repos/vism2889/ECE_1140_TRAINS,https://api.github.com/repos/vism2889/ECE_1140_TRAINS/issues/99/labels{/name},https://api.github.com/repos/vism2889/ECE_1140_TRAINS/issues/99/comments,https://api.github.com/repos/vism2889/ECE_1140_TRAINS/issues/99/events,https://github.com/vism2889/ECE_1140_TRAINS/issues/99,1487200860,I_kwDOH7FgmM5YpOJc,99,outputData.py and train_model_message.py need moved to the correct directories,"{'login': 'vism2889', 'id': 25832043, 'node_id': 'MDQ6VXNlcjI1ODMyMDQz', 'avatar_url': 'https://avatars.githubusercontent.com/u/25832043?v=4', 'gravatar_id': '', 'url': 'https://api.github.com/users/vism2889', 'html_url': 'https://github.com/vism2889', 'followers_url': 'https://api.github.com/users/vism2889/followers', 'following_url': 'https://api.github.com/users/vism2889/following{/other_user}', 'gists_url': 'https://api.github.com/users/vism2889/gists{/gist_id}', 'starred_url': 'https://api.github.com/users/vism2889/starred{/owner}{/repo}', 'subscriptions_url': 'https://api.github.com/users/vism2889/subscriptions', 'organizations_url': 'https://api.github.com/users/vism2889/orgs', 'repos_url': 'https://api.github.com/users/vism2889/repos', 'events_url': 'https://api.github.com/users/vism2889/events{/privacy}', 'received_events_url': 'https://api.github.com/users/vism2889/received_events', 'type': 'User', 'site_admin': False}","[{'id': 4488907105, 'node_id': 'LA_kwDOH7FgmM8AAAABC49JYQ', 'url': 'https://api.github.com/repos/vism2889/ECE_1140_TRAINS/labels/bug', 'name': 'bug', 'color': 'd73a4a', 'default': True, 'description': ""Something isn't working""}]",open,False,"{'login': 'sush2023', 'id': 69727934, 'node_id': 'MDQ6VXNlcjY5NzI3OTM0', 'avatar_url': 'https://avatars.githubusercontent.com/u/69727934?v=4', 'gravatar_id': '', 'url': 'https://api.github.com/users/sush2023', 'html_url': 'https://github.com/sush2023', 'followers_url': 'https://api.github.com/users/sush2023/followers', 'following_url': 'https://api.github.com/users/sush2023/following{/other_user}', 'gists_url': 'https://api.github.com/users/sush2023/gists{/gist_id}', 'starred_url': 'https://api.github.com/users/sush2023/starred{/owner}{/repo}', 'subscriptions_url': 'https://api.github.com/users/sush2023/subscriptions', 'organizations_url': 'https://api.github.com/users/sush2023/orgs', 'repos_url': 'https://api.github.com/users/sush2023/repos', 'events_url': 'https://api.github.com/users/sush2023/events{/privacy}', 'received_events_url': 'https://api.github.com/users/sush2023/received_events', 'type': 'User', 'site_admin': False}","[{'login': 'sush2023', 'id': 69727934, 'node_id': 'MDQ6VXNlcjY5NzI3OTM0', 'avatar_url': 'https://avatars.githubusercontent.com/u/69727934?v=4', 'gravatar_id': '', 'url': 'https://api.github.com/users/sush2023', 'html_url': 'https://github.com/sush2023', 'followers_url': 'https://api.github.com/users/sush2023/followers', 'following_url': 'https://api.github.com/users/sush2023/following{/other_user}', 'gists_url': 'https://api.github.com/users/sush2023/gists{/gist_id}', 'starred_url': 'https://api.github.com/users/sush2023/starred{/owner}{/repo}', 'subscriptions_url': 'https://api.github.com/users/sush2023/subscriptions', 'organizations_url': 'https://api.github.com/users/sush2023/orgs', 'repos_url': 'https://api.github.com/users/sush2023/repos', 'events_url': 'https://api.github.com/users/sush2023/events{/privacy}', 'received_events_url': 'https://api.github.com/users/sush2023/received_events', 'type': 'User', 'site_admin': False}]",,0,2022-12-09T18:11:54Z,2022-12-09T18:12:20Z,,OWNER,,,,,"{'url': 'https://api.github.com/repos/vism2889/ECE_1140_TRAINS/issues/99/reactions', 'total_count': 0, '+1': 0, '-1': 0, 'laugh': 0, 'hooray': 0, 'confused': 0, 'heart': 0, 'rocket': 0, 'eyes': 0}",https://api.github.com/repos/vism2889/ECE_1140_TRAINS/issues/99/timeline,,
16,https://api.github.com/repos/vism2889/ECE_1140_TRAINS/issues/97,https://api.github.com/repos/vism2889/ECE_1140_TRAINS,https://api.github.com/repos/vism2889/ECE_1140_TRAINS/issues/97/labels{/name},https://api.github.com/repos/vism2889/ECE_1140_TRAINS/issues/97/comments,https://api.github.com/repos/vism2889/ECE_1140_TRAINS/issues/97/events,https://github.com/vism2889/ECE_1140_TRAINS/issues/97,1487194050,I_kwDOH7FgmM5YpMfC,97,add missing help button to the SystemLaunch UI,"{'login': 'vism2889', 'id': 25832043, 'node_id': 'MDQ6VXNlcjI1ODMyMDQz', 'avatar_url': 'https://avatars.githubusercontent.com/u/25832043?v=4', 'gravatar_id': '', 'url': 'https://api.github.com/users/vism2889', 'html_url': 'https://github.com/vism2889', 'followers_url': 'https://api.github.com/users/vism2889/followers', 'following_url': 'https://api.github.com/users/vism2889/following{/other_user}', 'gists_url': 'https://api.github.com/users/vism2889/gists{/gist_id}', 'starred_url': 'https://api.github.com/users/vism2889/starred{/owner}{/repo}', 'subscriptions_url': 'https://api.github.com/users/vism2889/subscriptions', 'organizations_url': 'https://api.github.com/users/vism2889/orgs', 'repos_url': 'https://api.github.com/users/vism2889/repos', 'events_url': 'https://api.github.com/users/vism2889/events{/privacy}', 'received_events_url': 'https://api.github.com/users/vism2889/received_events', 'type': 'User', 'site_admin': False}","[{'id': 4488907105, 'node_id': 'LA_kwDOH7FgmM8AAAABC49JYQ', 'url': 'https://api.github.com/repos/vism2889/ECE_1140_TRAINS/labels/bug', 'name': 'bug', 'color': 'd73a4a', 'default': True, 'description': ""Something isn't working""}]",open,False,,[],,0,2022-12-09T18:07:30Z,2022-12-09T18:07:30Z,,OWNER,,,,Add a help button to the existing launch UI that will open a small window providing information about how to use the system and the correct order of operations that operations must be performed in.,"{'url': 'https://api.github.com/repos/vism2889/ECE_1140_TRAINS/issues/97/reactions', 'total_count': 0, '+1': 0, '-1': 0, 'laugh': 0, 'hooray': 0, 'confused': 0, 'heart': 0, 'rocket': 0, 'eyes': 0}",https://api.github.com/repos/vism2889/ECE_1140_TRAINS/issues/97/timeline,,
17,https://api.github.com/repos/vism2889/ECE_1140_TRAINS/issues/94,https://api.github.com/repos/vism2889/ECE_1140_TRAINS,https://api.github.com/repos/vism2889/ECE_1140_TRAINS/issues/94/labels{/name},https://api.github.com/repos/vism2889/ECE_1140_TRAINS/issues/94/comments,https://api.github.com/repos/vism2889/ECE_1140_TRAINS/issues/94/events,https://github.com/vism2889/ECE_1140_TRAINS/issues/94,1487182303,I_kwDOH7FgmM5YpJnf,94,Add software license to all project files,"{'login': 'vism2889', 'id': 25832043, 'node_id': 'MDQ6VXNlcjI1ODMyMDQz', 'avatar_url': 'https://avatars.githubusercontent.com/u/25832043?v=4', 'gravatar_id': '', 'url': 'https://api.github.com/users/vism2889', 'html_url': 'https://github.com/vism2889', 'followers_url': 'https://api.github.com/users/vism2889/followers', 'following_url': 'https://api.github.com/users/vism2889/following{/other_user}', 'gists_url': 'https://api.github.com/users/vism2889/gists{/gist_id}', 'starred_url': 'https://api.github.com/users/vism2889/starred{/owner}{/repo}', 'subscriptions_url': 'https://api.github.com/users/vism2889/subscriptions', 'organizations_url': 'https://api.github.com/users/vism2889/orgs', 'repos_url': 'https://api.github.com/users/vism2889/repos', 'events_url': 'https://api.github.com/users/vism2889/events{/privacy}', 'received_events_url': 'https://api.github.com/users/vism2889/received_events', 'type': 'User', 'site_admin': False}","[{'id': 4488907119, 'node_id': 'LA_kwDOH7FgmM8AAAABC49Jbw', 'url': 'https://api.github.com/repos/vism2889/ECE_1140_TRAINS/labels/question', 'name': 'question', 'color': 'd876e3', 'default': True, 'description': 'Further information is requested'}]",open,False,"{'login': 'vism2889', 'id': 25832043, 'node_id': 'MDQ6VXNlcjI1ODMyMDQz', 'avatar_url': 'https://avatars.githubusercontent.com/u/25832043?v=4', 'gravatar_id': '', 'url': 'https://api.github.com/users/vism2889', 'html_url': 'https://github.com/vism2889', 'followers_url': 'https://api.github.com/users/vism2889/followers', 'following_url': 'https://api.github.com/users/vism2889/following{/other_user}', 'gists_url': 'https://api.github.com/users/vism2889/gists{/gist_id}', 'starred_url': 'https://api.github.com/users/vism2889/starred{/owner}{/repo}', 'subscriptions_url': 'https://api.github.com/users/vism2889/subscriptions', 'organizations_url': 'https://api.github.com/users/vism2889/orgs', 'repos_url': 'https://api.github.com/users/vism2889/repos', 'events_url': 'https://api.github.com/users/vism2889/events{/privacy}', 'received_events_url': 'https://api.github.com/users/vism2889/received_events', 'type': 'User', 'site_admin': False}","[{'login': 'vism2889', 'id': 25832043, 'node_id': 'MDQ6VXNlcjI1ODMyMDQz', 'avatar_url': 'https://avatars.githubusercontent.com/u/25832043?v=4', 'gravatar_id': '', 'url': 'https://api.github.com/users/vism2889', 'html_url': 'https://github.com/vism2889', 'followers_url': 'https://api.github.com/users/vism2889/followers', 'following_url': 'https://api.github.com/users/vism2889/following{/other_user}', 'gists_url': 'https://api.github.com/users/vism2889/gists{/gist_id}', 'starred_url': 'https://api.github.com/users/vism2889/starred{/owner}{/repo}', 'subscriptions_url': 'https://api.github.com/users/vism2889/subscriptions', 'organizations_url': 'https://api.github.com/users/vism2889/orgs', 'repos_url': 'https://api.github.com/users/vism2889/repos', 'events_url': 'https://api.github.com/users/vism2889/events{/privacy}', 'received_events_url': 'https://api.github.com/users/vism2889/received_events', 'type': 'User', 'site_admin': False}, {'login': 'sush2023', 'id': 69727934, 'node_id': 'MDQ6VXNlcjY5NzI3OTM0', 'avatar_url': 'https://avatars.githubusercontent.com/u/69727934?v=4', 'gravatar_id': '', 'url': 'https://api.github.com/users/sush2023', 'html_url': 'https://github.com/sush2023', 'followers_url': 'https://api.github.com/users/sush2023/followers', 'following_url': 'https://api.github.com/users/sush2023/following{/other_user}', 'gists_url': 'https://api.github.com/users/sush2023/gists{/gist_id}', 'starred_url': 'https://api.github.com/users/sush2023/starred{/owner}{/repo}', 'subscriptions_url': 'https://api.github.com/users/sush2023/subscriptions', 'organizations_url': 'https://api.github.com/users/sush2023/orgs', 'repos_url': 'https://api.github.com/users/sush2023/repos', 'events_url': 'https://api.github.com/users/sush2023/events{/privacy}', 'received_events_url': 'https://api.github.com/users/sush2023/received_events', 'type': 'User', 'site_admin': False}, {'login': 'juinsommer', 'id': 76053827, 'node_id': 'MDQ6VXNlcjc2MDUzODI3', 'avatar_url': 'https://avatars.githubusercontent.com/u/76053827?v=4', 'gravatar_id': '', 'url': 'https://api.github.com/users/juinsommer', 'html_url': 'https://github.com/juinsommer', 'followers_url': 'https://api.github.com/users/juinsommer/followers', 'following_url': 'https://api.github.com/users/juinsommer/following{/other_user}', 'gists_url': 'https://api.github.com/users/juinsommer/gists{/gist_id}', 'starred_url': 'https://api.github.com/users/juinsommer/starred{/owner}{/repo}', 'subscriptions_url': 'https://api.github.com/users/juinsommer/subscriptions', 'organizations_url': 'https://api.github.com/users/juinsommer/orgs', 'repos_url': 'https://api.github.com/users/juinsommer/repos', 'events_url': 'https://api.github.com/users/juinsommer/events{/privacy}', 'received_events_url': 'https://api.github.com/users/juinsommer/received_events', 'type': 'User', 'site_admin': False}, {'login': 'beyonson', 'id': 77867663, 'node_id': 'MDQ6VXNlcjc3ODY3NjYz', 'avatar_url': 'https://avatars.githubusercontent.com/u/77867663?v=4', 'gravatar_id': '', 'url': 'https://api.github.com/users/beyonson', 'html_url': 'https://github.com/beyonson', 'followers_url': 'https://api.github.com/users/beyonson/followers', 'following_url': 'https://api.github.com/users/beyonson/following{/other_user}', 'gists_url': 'https://api.github.com/users/beyonson/gists{/gist_id}', 'starred_url': 'https://api.github.com/users/beyonson/starred{/owner}{/repo}', 'subscriptions_url': 'https://api.github.com/users/beyonson/subscriptions', 'organizations_url': 'https://api.github.com/users/beyonson/orgs', 'repos_url': 'https://api.github.com/users/beyonson/repos', 'events_url': 'https://api.github.com/users/beyonson/events{/privacy}', 'received_events_url': 'https://api.github.com/users/beyonson/received_events', 'type': 'User', 'site_admin': False}, {'login': 'NMMallick', 'id': 79054723, 'node_id': 'MDQ6VXNlcjc5MDU0NzIz', 'avatar_url': 'https://avatars.githubusercontent.com/u/79054723?v=4', 'gravatar_id': '', 'url': 'https://api.github.com/users/NMMallick', 'html_url': 'https://github.com/NMMallick', 'followers_url': 'https://api.github.com/users/NMMallick/followers', 'following_url': 'https://api.github.com/users/NMMallick/following{/other_user}', 'gists_url': 'https://api.github.com/users/NMMallick/gists{/gist_id}', 'starred_url': 'https://api.github.com/users/NMMallick/starred{/owner}{/repo}', 'subscriptions_url': 'https://api.github.com/users/NMMallick/subscriptions', 'organizations_url': 'https://api.github.com/users/NMMallick/orgs', 'repos_url': 'https://api.github.com/users/NMMallick/repos', 'events_url': 'https://api.github.com/users/NMMallick/events{/privacy}', 'received_events_url': 'https://api.github.com/users/NMMallick/received_events', 'type': 'User', 'site_admin': False}, {'login': 'gwenel55', 'id': 97482533, 'node_id': 'U_kgDOBc93JQ', 'avatar_url': 'https://avatars.githubusercontent.com/u/97482533?v=4', 'gravatar_id': '', 'url': 'https://api.github.com/users/gwenel55', 'html_url': 'https://github.com/gwenel55', 'followers_url': 'https://api.github.com/users/gwenel55/followers', 'following_url': 'https://api.github.com/users/gwenel55/following{/other_user}', 'gists_url': 'https://api.github.com/users/gwenel55/gists{/gist_id}', 'starred_url': 'https://api.github.com/users/gwenel55/starred{/owner}{/repo}', 'subscriptions_url': 'https://api.github.com/users/gwenel55/subscriptions', 'organizations_url': 'https://api.github.com/users/gwenel55/orgs', 'repos_url': 'https://api.github.com/users/gwenel55/repos', 'events_url': 'https://api.github.com/users/gwenel55/events{/privacy}', 'received_events_url': 'https://api.github.com/users/gwenel55/received_events', 'type': 'User', 'site_admin': False}]",,0,2022-12-09T18:00:19Z,2022-12-15T09:03:19Z,,OWNER,,,,We should double-check to see if we are required to add a software license to the software packages for this project.  This should be asked on piazza or in lab or lecture.,"{'url': 'https://api.github.com/repos/vism2889/ECE_1140_TRAINS/issues/94/reactions', 'total_count': 0, '+1': 0, '-1': 0, 'laugh': 0, 'hooray': 0, 'confused': 0, 'heart': 0, 'rocket': 0, 'eyes': 0}",https://api.github.com/repos/vism2889/ECE_1140_TRAINS/issues/94/timeline,,
18,https://api.github.com/repos/vism2889/ECE_1140_TRAINS/issues/93,https://api.github.com/repos/vism2889/ECE_1140_TRAINS,https://api.github.com/repos/vism2889/ECE_1140_TRAINS/issues/93/labels{/name},https://api.github.com/repos/vism2889/ECE_1140_TRAINS/issues/93/comments,https://api.github.com/repos/vism2889/ECE_1140_TRAINS/issues/93/events,https://github.com/vism2889/ECE_1140_TRAINS/issues/93,1487178114,I_kwDOH7FgmM5YpImC,93,Update README with more project information and links to individual README for each module,"{'login': 'vism2889', 'id': 25832043, 'node_id': 'MDQ6VXNlcjI1ODMyMDQz', 'avatar_url': 'https://avatars.githubusercontent.com/u/25832043?v=4', 'gravatar_id': '', 'url': 'https://api.github.com/users/vism2889', 'html_url': 'https://github.com/vism2889', 'followers_url': 'https://api.github.com/users/vism2889/followers', 'following_url': 'https://api.github.com/users/vism2889/following{/other_user}', 'gists_url': 'https://api.github.com/users/vism2889/gists{/gist_id}', 'starred_url': 'https://api.github.com/users/vism2889/starred{/owner}{/repo}', 'subscriptions_url': 'https://api.github.com/users/vism2889/subscriptions', 'organizations_url': 'https://api.github.com/users/vism2889/orgs', 'repos_url': 'https://api.github.com/users/vism2889/repos', 'events_url': 'https://api.github.com/users/vism2889/events{/privacy}', 'received_events_url': 'https://api.github.com/users/vism2889/received_events', 'type': 'User', 'site_admin': False}","[{'id': 4488907107, 'node_id': 'LA_kwDOH7FgmM8AAAABC49JYw', 'url': 'https://api.github.com/repos/vism2889/ECE_1140_TRAINS/labels/documentation', 'name': 'documentation', 'color': '0075ca', 'default': True, 'description': 'Improvements or additions to documentation'}]",open,False,"{'login': 'vism2889', 'id': 25832043, 'node_id': 'MDQ6VXNlcjI1ODMyMDQz', 'avatar_url': 'https://avatars.githubusercontent.com/u/25832043?v=4', 'gravatar_id': '', 'url': 'https://api.github.com/users/vism2889', 'html_url': 'https://github.com/vism2889', 'followers_url': 'https://api.github.com/users/vism2889/followers', 'following_url': 'https://api.github.com/users/vism2889/following{/other_user}', 'gists_url': 'https://api.github.com/users/vism2889/gists{/gist_id}', 'starred_url': 'https://api.github.com/users/vism2889/starred{/owner}{/repo}', 'subscriptions_url': 'https://api.github.com/users/vism2889/subscriptions', 'organizations_url': 'https://api.github.com/users/vism2889/orgs', 'repos_url': 'https://api.github.com/users/vism2889/repos', 'events_url': 'https://api.github.com/users/vism2889/events{/privacy}', 'received_events_url': 'https://api.github.com/users/vism2889/received_events', 'type': 'User', 'site_admin': False}","[{'login': 'vism2889', 'id': 25832043, 'node_id': 'MDQ6VXNlcjI1ODMyMDQz', 'avatar_url': 'https://avatars.githubusercontent.com/u/25832043?v=4', 'gravatar_id': '', 'url': 'https://api.github.com/users/vism2889', 'html_url': 'https://github.com/vism2889', 'followers_url': 'https://api.github.com/users/vism2889/followers', 'following_url': 'https://api.github.com/users/vism2889/following{/other_user}', 'gists_url': 'https://api.github.com/users/vism2889/gists{/gist_id}', 'starred_url': 'https://api.github.com/users/vism2889/starred{/owner}{/repo}', 'subscriptions_url': 'https://api.github.com/users/vism2889/subscriptions', 'organizations_url': 'https://api.github.com/users/vism2889/orgs', 'repos_url': 'https://api.github.com/users/vism2889/repos', 'events_url': 'https://api.github.com/users/vism2889/events{/privacy}', 'received_events_url': 'https://api.github.com/users/vism2889/received_events', 'type': 'User', 'site_admin': False}]",,0,2022-12-09T17:57:49Z,2022-12-09T17:57:50Z,,OWNER,,,,"Update README with more project information and links to individual README for each module:
- create a new README for each module if one does not already exist
- link each module read me in a new `module information` section in the main project README","{'url': 'https://api.github.com/repos/vism2889/ECE_1140_TRAINS/issues/93/reactions', 'total_count': 0, '+1': 0, '-1': 0, 'laugh': 0, 'hooray': 0, 'confused': 0, 'heart': 0, 'rocket': 0, 'eyes': 0}",https://api.github.com/repos/vism2889/ECE_1140_TRAINS/issues/93/timeline,,
19,https://api.github.com/repos/vism2889/ECE_1140_TRAINS/issues/92,https://api.github.com/repos/vism2889/ECE_1140_TRAINS,https://api.github.com/repos/vism2889/ECE_1140_TRAINS/issues/92/labels{/name},https://api.github.com/repos/vism2889/ECE_1140_TRAINS/issues/92/comments,https://api.github.com/repos/vism2889/ECE_1140_TRAINS/issues/92/events,https://github.com/vism2889/ECE_1140_TRAINS/issues/92,1487167533,I_kwDOH7FgmM5YpGAt,92,Some label lists cutoff information in the track model,"{'login': 'vism2889', 'id': 25832043, 'node_id': 'MDQ6VXNlcjI1ODMyMDQz', 'avatar_url': 'https://avatars.githubusercontent.com/u/25832043?v=4', 'gravatar_id': '', 'url': 'https://api.github.com/users/vism2889', 'html_url': 'https://github.com/vism2889', 'followers_url': 'https://api.github.com/users/vism2889/followers', 'following_url': 'https://api.github.com/users/vism2889/following{/other_user}', 'gists_url': 'https://api.github.com/users/vism2889/gists{/gist_id}', 'starred_url': 'https://api.github.com/users/vism2889/starred{/owner}{/repo}', 'subscriptions_url': 'https://api.github.com/users/vism2889/subscriptions', 'organizations_url': 'https://api.github.com/users/vism2889/orgs', 'repos_url': 'https://api.github.com/users/vism2889/repos', 'events_url': 'https://api.github.com/users/vism2889/events{/privacy}', 'received_events_url': 'https://api.github.com/users/vism2889/received_events', 'type': 'User', 'site_admin': False}","[{'id': 4488907105, 'node_id': 'LA_kwDOH7FgmM8AAAABC49JYQ', 'url': 'https://api.github.com/repos/vism2889/ECE_1140_TRAINS/labels/bug', 'name': 'bug', 'color': 'd73a4a', 'default': True, 'description': ""Something isn't working""}]",open,False,"{'login': 'vism2889', 'id': 25832043, 'node_id': 'MDQ6VXNlcjI1ODMyMDQz', 'avatar_url': 'https://avatars.githubusercontent.com/u/25832043?v=4', 'gravatar_id': '', 'url': 'https://api.github.com/users/vism2889', 'html_url': 'https://github.com/vism2889', 'followers_url': 'https://api.github.com/users/vism2889/followers', 'following_url': 'https://api.github.com/users/vism2889/following{/other_user}', 'gists_url': 'https://api.github.com/users/vism2889/gists{/gist_id}', 'starred_url': 'https://api.github.com/users/vism2889/starred{/owner}{/repo}', 'subscriptions_url': 'https://api.github.com/users/vism2889/subscriptions', 'organizations_url': 'https://api.github.com/users/vism2889/orgs', 'repos_url': 'https://api.github.com/users/vism2889/repos', 'events_url': 'https://api.github.com/users/vism2889/events{/privacy}', 'received_events_url': 'https://api.github.com/users/vism2889/received_events', 'type': 'User', 'site_admin': False}","[{'login': 'vism2889', 'id': 25832043, 'node_id': 'MDQ6VXNlcjI1ODMyMDQz', 'avatar_url': 'https://avatars.githubusercontent.com/u/25832043?v=4', 'gravatar_id': '', 'url': 'https://api.github.com/users/vism2889', 'html_url': 'https://github.com/vism2889', 'followers_url': 'https://api.github.com/users/vism2889/followers', 'following_url': 'https://api.github.com/users/vism2889/following{/other_user}', 'gists_url': 'https://api.github.com/users/vism2889/gists{/gist_id}', 'starred_url': 'https://api.github.com/users/vism2889/starred{/owner}{/repo}', 'subscriptions_url': 'https://api.github.com/users/vism2889/subscriptions', 'organizations_url': 'https://api.github.com/users/vism2889/orgs', 'repos_url': 'https://api.github.com/users/vism2889/repos', 'events_url': 'https://api.github.com/users/vism2889/events{/privacy}', 'received_events_url': 'https://api.github.com/users/vism2889/received_events', 'type': 'User', 'site_admin': False}]",,0,2022-12-09T17:52:22Z,2022-12-09T17:52:22Z,,OWNER,,,,Some label lists cutoff information in the track model or a horizontal or vertical scrollbar is added.  This should be changed so that all information will fit into the information windows correctly.,"{'url': 'https://api.github.com/repos/vism2889/ECE_1140_TRAINS/issues/92/reactions', 'total_count': 0, '+1': 0, '-1': 0, 'laugh': 0, 'hooray': 0, 'confused': 0, 'heart': 0, 'rocket': 0, 'eyes': 0}",https://api.github.com/repos/vism2889/ECE_1140_TRAINS/issues/92/timeline,,
20,https://api.github.com/repos/vism2889/ECE_1140_TRAINS/issues/91,https://api.github.com/repos/vism2889/ECE_1140_TRAINS,https://api.github.com/repos/vism2889/ECE_1140_TRAINS/issues/91/labels{/name},https://api.github.com/repos/vism2889/ECE_1140_TRAINS/issues/91/comments,https://api.github.com/repos/vism2889/ECE_1140_TRAINS/issues/91/events,https://github.com/vism2889/ECE_1140_TRAINS/issues/91,1487163630,I_kwDOH7FgmM5YpFDu,91,Set beacon in the track model correctly,"{'login': 'vism2889', 'id': 25832043, 'node_id': 'MDQ6VXNlcjI1ODMyMDQz', 'avatar_url': 'https://avatars.githubusercontent.com/u/25832043?v=4', 'gravatar_id': '', 'url': 'https://api.github.com/users/vism2889', 'html_url': 'https://github.com/vism2889', 'followers_url': 'https://api.github.com/users/vism2889/followers', 'following_url': 'https://api.github.com/users/vism2889/following{/other_user}', 'gists_url': 'https://api.github.com/users/vism2889/gists{/gist_id}', 'starred_url': 'https://api.github.com/users/vism2889/starred{/owner}{/repo}', 'subscriptions_url': 'https://api.github.com/users/vism2889/subscriptions', 'organizations_url': 'https://api.github.com/users/vism2889/orgs', 'repos_url': 'https://api.github.com/users/vism2889/repos', 'events_url': 'https://api.github.com/users/vism2889/events{/privacy}', 'received_events_url': 'https://api.github.com/users/vism2889/received_events', 'type': 'User', 'site_admin': False}","[{'id': 4488907105, 'node_id': 'LA_kwDOH7FgmM8AAAABC49JYQ', 'url': 'https://api.github.com/repos/vism2889/ECE_1140_TRAINS/labels/bug', 'name': 'bug', 'color': 'd73a4a', 'default': True, 'description': ""Something isn't working""}]",open,False,"{'login': 'vism2889', 'id': 25832043, 'node_id': 'MDQ6VXNlcjI1ODMyMDQz', 'avatar_url': 'https://avatars.githubusercontent.com/u/25832043?v=4', 'gravatar_id': '', 'url': 'https://api.github.com/users/vism2889', 'html_url': 'https://github.com/vism2889', 'followers_url': 'https://api.github.com/users/vism2889/followers', 'following_url': 'https://api.github.com/users/vism2889/following{/other_user}', 'gists_url': 'https://api.github.com/users/vism2889/gists{/gist_id}', 'starred_url': 'https://api.github.com/users/vism2889/starred{/owner}{/repo}', 'subscriptions_url': 'https://api.github.com/users/vism2889/subscriptions', 'organizations_url': 'https://api.github.com/users/vism2889/orgs', 'repos_url': 'https://api.github.com/users/vism2889/repos', 'events_url': 'https://api.github.com/users/vism2889/events{/privacy}', 'received_events_url': 'https://api.github.com/users/vism2889/received_events', 'type': 'User', 'site_admin': False}","[{'login': 'vism2889', 'id': 25832043, 'node_id': 'MDQ6VXNlcjI1ODMyMDQz', 'avatar_url': 'https://avatars.githubusercontent.com/u/25832043?v=4', 'gravatar_id': '', 'url': 'https://api.github.com/users/vism2889', 'html_url': 'https://github.com/vism2889', 'followers_url': 'https://api.github.com/users/vism2889/followers', 'following_url': 'https://api.github.com/users/vism2889/following{/other_user}', 'gists_url': 'https://api.github.com/users/vism2889/gists{/gist_id}', 'starred_url': 'https://api.github.com/users/vism2889/starred{/owner}{/repo}', 'subscriptions_url': 'https://api.github.com/users/vism2889/subscriptions', 'organizations_url': 'https://api.github.com/users/vism2889/orgs', 'repos_url': 'https://api.github.com/users/vism2889/repos', 'events_url': 'https://api.github.com/users/vism2889/events{/privacy}', 'received_events_url': 'https://api.github.com/users/vism2889/received_events', 'type': 'User', 'site_admin': False}]",,0,2022-12-09T17:49:23Z,2022-12-09T17:49:48Z,,OWNER,,,,"At the moment a beacon exists on every block, this needs to be changed to only occur before stations but give information about any blocks until the next station with underground infrastructure in addition to the next station name and station side.","{'url': 'https://api.github.com/repos/vism2889/ECE_1140_TRAINS/issues/91/reactions', 'total_count': 0, '+1': 0, '-1': 0, 'laugh': 0, 'hooray': 0, 'confused': 0, 'heart': 0, 'rocket': 0, 'eyes': 0}",https://api.github.com/repos/vism2889/ECE_1140_TRAINS/issues/91/timeline,,
